"Titles","Dates","Sources"
"Vũ Hán hiện giờ ra sao?","Thứ bảy, 21/11/2020, 08:09 (GMT+7)","https://vnexpress.net/vu-han-hien-gio-ra-sao-4194762.html"
"Sắc màu Phú Quốc trong mắt chàng trai Sài Gòn","Thứ bảy, 21/11/2020, 02:08 (GMT+7)","https://vnexpress.net/sac-mau-phu-quoc-trong-mat-chang-trai-sai-gon-4193945.html"
"Hoạt động đón mùa lễ hội tại Phú Quốc","Thứ bảy, 21/11/2020, 10:00 (GMT+7)","https://vnexpress.net/hoat-dong-don-mua-le-hoi-tai-phu-quoc-4194553.html"
"Travel blogger 9x 'phải lòng' khu nghỉ dưỡng 5 sao tại Phú Quốc","Thứ bảy, 21/11/2020, 08:00 (GMT+7)","https://vnexpress.net/travel-blogger-9x-phai-long-khu-nghi-duong-5-sao-tai-phu-quoc-4194875.html"
"11 điều bạn có thể chưa biết về thác Niagara","Thứ sáu, 20/11/2020, 20:03 (GMT+7)","https://vnexpress.net/11-dieu-ban-co-the-chua-biet-ve-thac-niagara-4194387.html"
"Thang máy ngoài trời cao nhất thế giới","Thứ sáu, 20/11/2020, 19:00 (GMT+7)","https://vnexpress.net/thang-may-ngoai-troi-cao-nhat-the-gioi-4194218.html"
"4 ngày quậy tung Phú Quốc cùng Quỷ Cốc Tử","Thứ sáu, 20/11/2020, 15:24 (GMT+7)","https://vnexpress.net/4-ngay-quay-tung-phu-quoc-cung-quy-coc-tu-4193994.html"
"Cúc họa mi bung nở","Thứ sáu, 20/11/2020, 14:05 (GMT+7)","https://vnexpress.net/cuc-hoa-mi-bung-no-4193048.html"
"Vì sao lụa tơ sen lại đắt?","Thứ sáu, 20/11/2020, 10:13 (GMT+7)","https://vnexpress.net/vi-sao-lua-to-sen-lai-dat-4194507.html"
"Mai anh đào Đà Lạt nở sớm","Thứ sáu, 20/11/2020, 08:09 (GMT+7)","https://vnexpress.net/mai-anh-dao-da-lat-no-som-4193210.html"
"Những điều cần biết về homestay","Thứ sáu, 20/11/2020, 07:37 (GMT+7)","https://vnexpress.net/nhung-dieu-can-biet-ve-homestay-4192409.html"
"Đồi dã quỳ nở rực vùng núi Thái Lan","Thứ sáu, 20/11/2020, 02:08 (GMT+7)","https://vnexpress.net/doi-da-quy-no-ruc-vung-nui-thai-lan-4192920.html"
"Mạng lưới khách sạn rộng khắp của Centara Hotels & Resorts","Thứ sáu, 20/11/2020, 20:00 (GMT+7)","https://vnexpress.net/mang-luoi-khach-san-rong-khap-cua-centara-hotels-amp-resorts-4194865.html"
"Travel blogger 9x chia sẻ trải nghiệm lần đầu tới Rạch Vẹm","Thứ sáu, 20/11/2020, 15:00 (GMT+7)","https://vnexpress.net/travel-blogger-9x-chia-se-trai-nghiem-lan-dau-toi-rach-vem-4194555.html"
"Vietnam Airlines triển khai làm thủ tục trực tuyến tại Cát Bi","Thứ sáu, 20/11/2020, 15:00 (GMT+7)","https://vnexpress.net/vietnam-airlines-trien-khai-lam-thu-tuc-truc-tuyen-tai-cat-bi-4194550.html"
"Helly Tống tham gia chương trình kích cầu du lịch Phú Quốc","Thứ sáu, 20/11/2020, 09:00 (GMT+7)","https://vnexpress.net/helly-tong-tham-gia-chuong-trinh-kich-cau-du-lich-phu-quoc-4194057.html"
"Khám phá tổ hợp du lịch nghỉ dưỡng giải trí ven biển Hồ Tràm","Thứ sáu, 20/11/2020, 08:14 (GMT+7)","https://vnexpress.net/kham-pha-to-hop-du-lich-nghi-duong-giai-tri-ven-bien-ho-tram-4194324.html"
"Lên Ba Vì ngắm hoa dã quỳ nở rộ","Thứ năm, 19/11/2020, 14:05 (GMT+7)","https://vnexpress.net/len-ba-vi-ngam-hoa-da-quy-no-ro-4192417.html"
"4 tháng chèo thuyền vượt sông cùng chó cưng","Thứ năm, 19/11/2020, 10:56 (GMT+7)","https://vnexpress.net/4-thang-cheo-thuyen-vuot-song-cung-cho-cung-4193989.html"
"Quán cafe 'tháo rời được' ở Huế lên tạp chí nước ngoài","Thứ năm, 19/11/2020, 08:09 (GMT+7)","https://vnexpress.net/quan-cafe-thao-roi-duoc-o-hue-len-tap-chi-nuoc-ngoai-4192987.html"
"Những lưu ý khi đặt phòng qua mạng","Thứ năm, 19/11/2020, 07:37 (GMT+7)","https://vnexpress.net/nhung-luu-y-khi-dat-phong-qua-mang-4192405.html"
"Hàng trăm người săn tour 0 đồng","Thứ năm, 19/11/2020, 06:10 (GMT+7)","https://vnexpress.net/hang-tram-nguoi-san-tour-0-dong-4193544.html"
"Cần Thơ giới thiệu sản phẩm du lịch mới","Thứ năm, 19/11/2020, 22:29 (GMT+7)","https://vnexpress.net/can-tho-gioi-thieu-san-pham-du-lich-moi-4193786.html"
"Bến Tre - Trà Vinh quảng bá tuyến du lịch mới","Thứ năm, 19/11/2020, 22:25 (GMT+7)","https://vnexpress.net/ben-tre-tra-vinh-quang-ba-tuyen-du-lich-moi-4194331.html"
"Thả đèn trời cầu may","Thứ năm, 19/11/2020, 19:00 (GMT+7)","https://vnexpress.net/tha-den-troi-cau-may-4194050.html"
"Hội An giảm 50% vé tham quan phố cổ","Thứ năm, 19/11/2020, 17:16 (GMT+7)","https://vnexpress.net/hoi-an-giam-50-ve-tham-quan-pho-co-4194080.html"
"Du lịch an toàn qua ứng dụng số","Thứ năm, 19/11/2020, 13:06 (GMT+7)","https://vnexpress.net/du-lich-an-toan-qua-ung-dung-so-4193788.html"
"4 làng du lịch cộng đồng được vinh danh","Thứ năm, 19/11/2020, 08:05 (GMT+7)","https://vnexpress.net/4-lang-du-lich-cong-dong-duoc-vinh-danh-4193790.html"
"Vietnam Airlines ngừng phát thanh tại sân bay Cam Ranh","Thứ năm, 19/11/2020, 17:09 (GMT+7)","https://vnexpress.net/vietnam-airlines-ngung-phat-thanh-tai-san-bay-cam-ranh-4194220.html"
"Những điều không nên làm khi tới quán bar","Thứ tư, 18/11/2020, 20:03 (GMT+7)","https://vnexpress.net/nhung-dieu-khong-nen-lam-khi-toi-quan-bar-4193199.html"
"2 ngày khám phá Phú Quốc cùng vlogger Hoàng Nam","Thứ tư, 18/11/2020, 14:23 (GMT+7)","https://vnexpress.net/2-ngay-kham-pha-phu-quoc-cung-vlogger-hoang-nam-4193228.html"
"Vì sao nhân viên khách sạn luôn gõ cửa dù biết phòng trống?","Thứ tư, 18/11/2020, 10:13 (GMT+7)","https://vnexpress.net/vi-sao-nhan-vien-khach-san-luon-go-cua-du-biet-phong-trong-4192972.html"
"Cô gái Hà Nội một mình đạp xe vào Quảng Nam","Thứ tư, 18/11/2020, 07:37 (GMT+7)","https://vnexpress.net/co-gai-ha-noi-mot-minh-dap-xe-vao-quang-nam-4191518.html"
"Bay TP HCM đi Cà Mau chỉ 99.000 đồng","Thứ tư, 18/11/2020, 20:36 (GMT+7)","https://vnexpress.net/bay-tp-hcm-di-ca-mau-chi-99-000-dong-4193399.html"
"Đội xe đưa khách lên núi LangBiang bị đình chỉ","Thứ tư, 18/11/2020, 16:25 (GMT+7)","https://vnexpress.net/doi-xe-dua-khach-len-nui-langbiang-bi-dinh-chi-4193598.html"
"Loạt ưu đãi cho tuần trăng mật tại Sa Pa","Thứ tư, 18/11/2020, 14:05 (GMT+7)","https://vnexpress.net/loat-uu-dai-cho-tuan-trang-mat-tai-sa-pa-4192807.html"
"Khách sạn nằm trong lòng núi đá sa thạch cổ","Thứ tư, 18/11/2020, 02:08 (GMT+7)","https://vnexpress.net/khach-san-nam-trong-long-nui-da-sa-thach-co-4192489.html"
"7 tỉnh thành trọng điểm liên kết phát triển du lịch","Thứ tư, 18/11/2020, 20:19 (GMT+7)","https://vnexpress.net/7-tinh-thanh-trong-diem-lien-ket-phat-trien-du-lich-4193748.html"
"Hàng trăm tour giảm giá đến 40% tại hội chợ du lịch","Thứ tư, 18/11/2020, 14:41 (GMT+7)","https://vnexpress.net/hang-tram-tour-giam-gia-den-40-tai-hoi-cho-du-lich-4193571.html"
"​Chuyên gia, travel blogger thảo luận tiềm năng du lịch Phú Quốc","Thứ tư, 18/11/2020, 14:30 (GMT+7)","https://vnexpress.net/chuyen-gia-travel-blogger-thao-luan-tiem-nang-du-lich-phu-quoc-4193035.html"
"Bamboo Airways tặng vé 0 đồng dịp khai trương phòng vé Đà Nẵng","Thứ tư, 18/11/2020, 14:00 (GMT+7)","https://vnexpress.net/bamboo-airways-tang-ve-0-dong-dip-khai-truong-phong-ve-da-nang-4193439.html"
"Tổng thống Mỹ có cần hộ chiếu?","Thứ ba, 17/11/2020, 20:03 (GMT+7)","https://vnexpress.net/tong-thong-my-co-can-ho-chieu-4192821.html"
"Vừa lướt sóng vừa vẽ tranh tường","Thứ ba, 17/11/2020, 19:00 (GMT+7)","https://vnexpress.net/vua-luot-song-vua-ve-tranh-tuong-4191853.html"
"Bay khinh khí cầu cao bằng tòa nhà 6 tầng","Thứ ba, 17/11/2020, 15:24 (GMT+7)","https://vnexpress.net/bay-khinh-khi-cau-cao-bang-toa-nha-6-tang-4192643.html"
"Resort, khách sạn đua nhau giảm giá","Thứ ba, 17/11/2020, 14:05 (GMT+7)","https://vnexpress.net/resort-khach-san-dua-nhau-giam-gia-4192472.html"
"Những cái nhất trên thế giới","Thứ ba, 17/11/2020, 12:03 (GMT+7)","https://vnexpress.net/nhung-cai-nhat-tren-the-gioi-4192503.html"
"Lăng mộ bí ẩn thành điểm check-in","Thứ ba, 17/11/2020, 10:11 (GMT+7)","https://vnexpress.net/lang-mo-bi-an-thanh-diem-check-in-4192287.html"
"Đến Hải Phòng nhất định phải thử những món nào?","Thứ ba, 17/11/2020, 13:33 (GMT+7)","https://vnexpress.net/den-hai-phong-nhat-dinh-phai-thu-nhung-mon-nao-4192871.html"
"Không nhịn được cười khi 'bị đánh' trên máy bay","Thứ ba, 17/11/2020, 13:06 (GMT+7)","https://vnexpress.net/khong-nhin-duoc-cuoi-khi-bi-danh-tren-may-bay-4192718.html"
"Ốc sốt trứng muối lạ miệng hút khách","Thứ ba, 17/11/2020, 07:37 (GMT+7)","https://vnexpress.net/oc-sot-trung-muoi-la-mieng-hut-khach-4190397.html"
"Bên trong chuyến du thuyền không đi tới đâu","Thứ ba, 17/11/2020, 02:08 (GMT+7)","https://vnexpress.net/ben-trong-chuyen-du-thuyen-khong-di-toi-dau-4192314.html"
"Fansipan - điểm đến cuốn hút du khách quanh năm","Thứ ba, 17/11/2020, 11:30 (GMT+7)","https://vnexpress.net/fansipan-diem-den-cuon-hut-du-khach-quanh-nam-4192727.html"
"Phú Quốc - điểm đến được báo nước ngoài ca ngợi","Thứ ba, 17/11/2020, 08:00 (GMT+7)","https://vnexpress.net/phu-quoc-diem-den-duoc-bao-nuoc-ngoai-ca-ngoi-4192514.html"
"61% khách chưa sẵn sàng du lịch đến khi có vaccine","Thứ hai, 16/11/2020, 19:00 (GMT+7)","https://vnexpress.net/61-khach-chua-san-sang-du-lich-den-khi-co-vaccine-4192637.html"
"Lái máy bay như phi công thực thụ ngay tại TP HCM","Thứ hai, 16/11/2020, 15:03 (GMT+7)","https://vnexpress.net/lai-may-bay-nhu-phi-cong-thuc-thu-ngay-tai-tp-hcm-4192334.html"
"Giải đáp 6 điều khách du lịch thường thắc mắc","Thứ hai, 16/11/2020, 20:03 (GMT+7)","https://vnexpress.net/giai-dap-6-dieu-khach-du-lich-thuong-thac-mac-4192305.html"
"Sân golf Hạ Long lên sóng truyền hình Mỹ","Thứ hai, 16/11/2020, 08:05 (GMT+7)","https://vnexpress.net/san-golf-ha-long-len-song-truyen-hinh-my-4192129.html"
"Kiến trúc đa văn hóa trong toà nhà trăm tuổi","Thứ hai, 16/11/2020, 02:08 (GMT+7)","https://vnexpress.net/kien-truc-da-van-hoa-trong-toa-nha-tram-tuoi-4191525.html"
"Nghỉ dưỡng không giới hạn ở 'thiên đường' với 30.000 USD","Thứ hai, 16/11/2020, 13:06 (GMT+7)","https://vnexpress.net/nghi-duong-khong-gioi-han-o-thien-duong-voi-30-000-usd-4192401.html"
"Nơi có đài phun sôcôla lớn nhất thế giới","Thứ hai, 16/11/2020, 11:01 (GMT+7)","https://vnexpress.net/noi-co-dai-phun-socola-lon-nhat-the-gioi-4190401.html"
"Lâu đài lớn nhất thế giới","Chủ nhật, 15/11/2020, 20:03 (GMT+7)","https://vnexpress.net/lau-dai-lon-nhat-the-gioi-4191370.html"
"6 địa chỉ có cà phê trứng ngon cho ngày se lạnh","Chủ nhật, 15/11/2020, 14:05 (GMT+7)","https://vnexpress.net/6-dia-chi-co-ca-phe-trung-ngon-cho-ngay-se-lanh-4191124.html"
"Khách Tây ngỡ ngàng khi không được nhường đường ở Việt Nam","Chủ nhật, 15/11/2020, 11:30 (GMT+7)","https://vnexpress.net/khach-tay-ngo-ngang-khi-khong-duoc-nhuong-duong-o-viet-nam-4191324.html"
"Ngôi đình gần 200 tuổi thờ người sáng lập vùng đất Thủ Đức","Chủ nhật, 15/11/2020, 02:08 (GMT+7)","https://vnexpress.net/ngoi-dinh-gan-200-tuoi-tho-nguoi-sang-lap-vung-dat-thu-duc-4190675.html"
"Dãy núi cầu vồng ở Trung Quốc","Chủ nhật, 15/11/2020, 19:00 (GMT+7)","https://vnexpress.net/day-nui-cau-vong-o-trung-quoc-4191838.html"
"Chó lao xuống biển đuổi cá mập","Chủ nhật, 15/11/2020, 13:28 (GMT+7)","https://vnexpress.net/cho-lao-xuong-bien-duoi-ca-map-4192036.html"
"Mùa hoa cải hút khách ở Australia","Chủ nhật, 15/11/2020, 08:09 (GMT+7)","https://vnexpress.net/mua-hoa-cai-hut-khach-o-australia-4190156.html"
"Thưởng thức salad kiểu Hawaii ở Hà Nội","Chủ nhật, 15/11/2020, 07:37 (GMT+7)","https://vnexpress.net/thuong-thuc-salad-kieu-hawaii-o-ha-noi-4189714.html"
"Vì sao người Nhật đặc biệt kỳ thị người xăm mình?","Thứ bảy, 14/11/2020, 20:03 (GMT+7)","https://vnexpress.net/vi-sao-nguoi-nhat-dac-biet-ky-thi-nguoi-xam-minh-4191832.html"
"Tự gây họa khi lao đầu xuống nước","Thứ bảy, 14/11/2020, 19:00 (GMT+7)","https://vnexpress.net/tu-gay-hoa-khi-lao-dau-xuong-nuoc-4191820.html"
"Rủ nhau lên Đà Lạt check-in hoa dã quỳ","Thứ bảy, 14/11/2020, 14:05 (GMT+7)","https://vnexpress.net/ru-nhau-len-da-lat-check-in-hoa-da-quy-4190656.html"
"Nữ du khách đơn độc hai ngày dưới trời -29 độ C","Thứ bảy, 14/11/2020, 08:53 (GMT+7)","https://vnexpress.net/nu-du-khach-don-doc-hai-ngay-duoi-troi-29-do-c-4191596.html"
"Burger 'đĩa bay' ở Sài Gòn","Thứ bảy, 14/11/2020, 07:37 (GMT+7)","https://vnexpress.net/burger-dia-bay-o-sai-gon-4189964.html"
"Sự kiện nghệ thuật cho du khách tại Hà Nội","Thứ bảy, 14/11/2020, 15:03 (GMT+7)","https://vnexpress.net/su-kien-nghe-thuat-cho-du-khach-tai-ha-noi-4191177.html"
"Sư tử bị bỏ mặc, chết trong vườn thú","Thứ bảy, 14/11/2020, 12:50 (GMT+7)","https://vnexpress.net/su-tu-bi-bo-mac-chet-trong-vuon-thu-4191730.html"
"Quán cà phê hơn 100 tuổi","Thứ bảy, 14/11/2020, 10:13 (GMT+7)","https://vnexpress.net/quan-ca-phe-hon-100-tuoi-4190887.html"
"Mùa thu nhuộm màu khắp thế giới","Thứ bảy, 14/11/2020, 02:08 (GMT+7)","https://vnexpress.net/mua-thu-nhuom-mau-khap-the-gioi-4191008.html"
"Đặc sản làm quà của Phú Thọ là gì?","Thứ bảy, 14/11/2020, 13:33 (GMT+7)","https://vnexpress.net/dac-san-lam-qua-cua-phu-tho-la-gi-4191272.html"
"Vì sao tiếp viên hàng không tô son đỏ?","Thứ sáu, 13/11/2020, 20:03 (GMT+7)","https://vnexpress.net/vi-sao-tiep-vien-hang-khong-to-son-do-4191247.html"
"5 điểm không nên bỏ lỡ khi đến Phú Thọ","Thứ sáu, 13/11/2020, 18:01 (GMT+7)","https://vnexpress.net/5-diem-khong-nen-bo-lo-khi-den-phu-tho-4191473.html"
"Bi hài chuyện khách Tây tiêu tiền Việt","Thứ sáu, 13/11/2020, 11:39 (GMT+7)","https://vnexpress.net/bi-hai-chuyen-khach-tay-tieu-tien-viet-4191154.html"
"Động thái bất thường của TripAdvisor vì một khách sạn","Thứ sáu, 13/11/2020, 14:34 (GMT+7)","https://vnexpress.net/dong-thai-bat-thuong-cua-tripadvisor-vi-mot-khach-san-4191078.html"
"Hấp 20.000 con cua cùng lúc để lập kỷ lục Guinness","Thứ sáu, 13/11/2020, 09:08 (GMT+7)","https://vnexpress.net/hap-20-000-con-cua-cung-luc-de-lap-ky-luc-guinness-4190835.html"
"Khách du lịch tới Phú Quốc đang tăng","Thứ sáu, 13/11/2020, 08:09 (GMT+7)","https://vnexpress.net/khach-du-lich-toi-phu-quoc-dang-tang-4190753.html"
"Công trình nổi tiếng nhìn từ trên cao","Thứ sáu, 13/11/2020, 02:08 (GMT+7)","https://vnexpress.net/cong-trinh-noi-tieng-nhin-tu-tren-cao-4189832.html"
"Vũng Tàu đẩy mạnh phát triển du lịch cuối 2020","Thứ sáu, 13/11/2020, 15:51 (GMT+7)","https://vnexpress.net/vung-tau-day-manh-phat-trien-du-lich-cuoi-2020-4190235.html"
"5 sự kiện kích cầu du lịch do VnExpress tổ chức","Thứ sáu, 13/11/2020, 16:00 (GMT+7)","https://vnexpress.net/5-su-kien-kich-cau-du-lich-do-vnexpress-to-chuc-4190666.html"
"Hoya sâm biển - món ngon Nhật Bản","Thứ sáu, 13/11/2020, 08:00 (GMT+7)","https://vnexpress.net/hoya-sam-bien-mon-ngon-nhat-ban-4184108.html"
"Những biển cảnh báo khiến du khách dở khóc dở cười","Thứ năm, 12/11/2020, 20:00 (GMT+7)","https://vnexpress.net/nhung-bien-canh-bao-khien-du-khach-do-khoc-do-cuoi-4190677.html"
"Loạt sự cố trang phục của khách đi máy bay","Thứ năm, 12/11/2020, 19:00 (GMT+7)","https://vnexpress.net/loat-su-co-trang-phuc-cua-khach-di-may-bay-4190798.html"
"‘Ốc đảo’ xương rồng ngay tại Hà Nội","Thứ năm, 12/11/2020, 15:03 (GMT+7)","https://vnexpress.net/oc-dao-xuong-rong-ngay-tai-ha-noi-4190373.html"
"Phố đi bộ Kỳ Lừa đông khách vượt dự kiến","Thứ năm, 12/11/2020, 14:05 (GMT+7)","https://vnexpress.net/pho-di-bo-ky-lua-dong-khach-vuot-du-kien-4190275.html"
"Khách đổ xô đến quán bình dân Biden từng ăn","Thứ năm, 12/11/2020, 13:00 (GMT+7)","https://vnexpress.net/khach-do-xo-den-quan-binh-dan-biden-tung-an-4190605.html"
"Người thừa kế ngai vàng có cần xin visa du lịch?","Thứ năm, 12/11/2020, 10:23 (GMT+7)","https://vnexpress.net/nguoi-thua-ke-ngai-vang-co-can-xin-visa-du-lich-4190252.html"
"Về miền đất Phật tưởng nhớ Phật hoàng Trần Nhân Tông","Thứ năm, 12/11/2020, 17:00 (GMT+7)","https://vnexpress.net/ve-mien-dat-phat-tuong-nho-phat-hoang-tran-nhan-tong-4190411.html"
"Phố đi bộ mới của Bangkok","Thứ năm, 12/11/2020, 08:41 (GMT+7)","https://vnexpress.net/pho-di-bo-moi-cua-bangkok-4190452.html"
"Bún măng bò xuất xứ phương Tây","Thứ năm, 12/11/2020, 07:37 (GMT+7)","https://vnexpress.net/bun-mang-bo-xuat-xu-phuong-tay-4188936.html"
"Đà Lạt lập đông","Thứ năm, 12/11/2020, 02:08 (GMT+7)","https://vnexpress.net/da-lat-lap-dong-4189730.html"
"Thất nghiệp, phi công Malaysia đi bán mì","Thứ tư, 11/11/2020, 20:03 (GMT+7)","https://vnexpress.net/that-nghiep-phi-cong-malaysia-di-ban-mi-4190210.html"
"Máy bay hạ cánh khẩn vì khách gây rối","Thứ tư, 11/11/2020, 19:00 (GMT+7)","https://vnexpress.net/may-bay-ha-canh-khan-vi-khach-gay-roi-4190042.html"
"Chả rươi được ca ngợi trên báo quốc tế","Thứ tư, 11/11/2020, 14:05 (GMT+7)","https://vnexpress.net/cha-ruoi-duoc-ca-ngoi-tren-bao-quoc-te-4189834.html"
"Khách sạn bốn mặt tiền bị bỏ hoang","Thứ tư, 11/11/2020, 11:13 (GMT+7)","https://vnexpress.net/khach-san-bon-mat-tien-bi-bo-hoang-4189211.html"
"‘Thiên đường hoa cỏ lau’ ở cột mốc biên giới","Thứ tư, 11/11/2020, 02:08 (GMT+7)","https://vnexpress.net/thien-duong-hoa-co-lau-o-cot-moc-bien-gioi-4189530.html"
"Lễ hội văn hóa thổ cẩm sắp tổ chức tại Đắk Nông","Thứ tư, 11/11/2020, 16:03 (GMT+7)","https://vnexpress.net/le-hoi-van-hoa-tho-cam-sap-to-chuc-tai-dak-nong-4189981.html"
"Chuyên gia đánh giá khả năng phục hồi của du lịch 2021","Thứ tư, 11/11/2020, 15:03 (GMT+7)","https://vnexpress.net/chuyen-gia-danh-gia-kha-nang-phuc-hoi-cua-du-lich-2021-4189088.html"
"Chỉ 25% hành khách sẵn sàng đi máy bay trở lại","Thứ tư, 11/11/2020, 13:06 (GMT+7)","https://vnexpress.net/chi-25-hanh-khach-san-sang-di-may-bay-tro-lai-4189700.html"
"Đường sắt Sài Gòn giảm 50% giá vé","Thứ tư, 11/11/2020, 09:08 (GMT+7)","https://vnexpress.net/duong-sat-sai-gon-giam-50-gia-ve-4189725.html"
"Indonesia bị chỉ trích vì xây công viên kỷ Jura","Thứ tư, 11/11/2020, 08:09 (GMT+7)","https://vnexpress.net/indonesia-bi-chi-trich-vi-xay-cong-vien-ky-jura-4189573.html"
"Gợi ý cho du khách vào Ngày độc thân","Thứ tư, 11/11/2020, 07:37 (GMT+7)","https://vnexpress.net/goi-y-cho-du-khach-vao-ngay-doc-than-4189843.html"
"Vietravel tặng quà tri ân trị giá tới 14 triệu đồng","Thứ tư, 11/11/2020, 13:42 (GMT+7)","https://vnexpress.net/vietravel-tang-qua-tri-an-tri-gia-toi-14-trieu-dong-4189115.html"
"Ai tạo ra mùi thơm đặc trưng trong các khách sạn?","Thứ ba, 10/11/2020, 20:03 (GMT+7)","https://vnexpress.net/ai-tao-ra-mui-thom-dac-trung-trong-cac-khach-san-4189402.html"
"Khách Trung Quốc đổ xô ăn mì ngày Biden đắc cử","Thứ ba, 10/11/2020, 11:00 (GMT+7)","https://vnexpress.net/khach-trung-quoc-do-xo-an-mi-ngay-biden-dac-cu-4189426.html"
"Nơi cây mọc ngược từ lòng hồ","Thứ ba, 10/11/2020, 10:09 (GMT+7)","https://vnexpress.net/noi-cay-moc-nguoc-tu-long-ho-4189181.html"
"Biển Hà Tĩnh ngập rác sau lũ","Thứ ba, 10/11/2020, 14:05 (GMT+7)","https://vnexpress.net/bien-ha-tinh-ngap-rac-sau-lu-4189489.html"
"Tương lai ngành du lịch ra sao dưới thời Joe Biden?","Thứ ba, 10/11/2020, 00:09 (GMT+7)","https://vnexpress.net/tuong-lai-nganh-du-lich-ra-sao-duoi-thoi-joe-biden-4188888.html"
"Tặng vé máy bay khứ hồi cho hành khách Hà Nội","Thứ ba, 10/11/2020, 07:37 (GMT+7)","https://vnexpress.net/tang-ve-may-bay-khu-hoi-cho-hanh-khach-ha-noi-4189155.html"
"Vietnam Airlines có trải nghiệm khách hàng xuất sắc Việt Nam","Thứ ba, 10/11/2020, 15:00 (GMT+7)","https://vnexpress.net/vietnam-airlines-co-trai-nghiem-khach-hang-xuat-sac-viet-nam-4189699.html"
"Loạt khách sạn đồng hành cùng Hoa hậu Việt Nam 2020","Thứ ba, 10/11/2020, 11:20 (GMT+7)","https://vnexpress.net/loat-khach-san-dong-hanh-cung-hoa-hau-viet-nam-2020-4188582.html"
"9 hoa hậu, á hậu quảng bá du lịch Việt Nam","Thứ hai, 9/11/2020, 14:05 (GMT+7)","https://vnexpress.net/9-hoa-hau-a-hau-quang-ba-du-lich-viet-nam-4188611.html"
"Tham quan xác tàu Titanic với giá 125.000 USD","Thứ hai, 9/11/2020, 11:33 (GMT+7)","https://vnexpress.net/tham-quan-xac-tau-titanic-voi-gia-125-000-usd-4188913.html"
"Tràng An mùa thu","Thứ hai, 9/11/2020, 02:08 (GMT+7)","https://vnexpress.net/trang-an-mua-thu-4187657.html"
"Công dụng đích thực của khăn ướt trong nhà hàng Nhật","Thứ hai, 9/11/2020, 00:05 (GMT+7)","https://vnexpress.net/cong-dung-dich-thuc-cua-khan-uot-trong-nha-hang-nhat-4188420.html"
"Lâu đài chủ nhân giấu kho báu ngay trước mặt tiền","Thứ hai, 9/11/2020, 20:03 (GMT+7)","https://vnexpress.net/lau-dai-chu-nhan-giau-kho-bau-ngay-truoc-mat-tien-4189151.html"
"Thuê phòng ngủ trên máy bay giá 78 USD một đêm","Thứ hai, 9/11/2020, 19:00 (GMT+7)","https://vnexpress.net/thue-phong-ngu-tren-may-bay-gia-78-usd-mot-dem-4188989.html"
"Cô gái Việt mê leo núi ở Hàn Quốc","Thứ hai, 9/11/2020, 15:19 (GMT+7)","https://vnexpress.net/co-gai-viet-me-leo-nui-o-han-quoc-4188943.html"
"Một ngày đi 7 chùa ở Hưng Yên","Thứ hai, 9/11/2020, 07:37 (GMT+7)","https://vnexpress.net/mot-ngay-di-7-chua-o-hung-yen-4188367.html"
"Nhiều khách Mỹ chưa từng nhìn thấy bò","Thứ hai, 9/11/2020, 08:09 (GMT+7)","https://vnexpress.net/nhieu-khach-my-chua-tung-nhin-thay-bo-4188445.html"
"Vietnam Airlines ưu đãi ngày độc thân 11/11","Thứ hai, 9/11/2020, 19:00 (GMT+7)","https://vnexpress.net/vietnam-airlines-uu-dai-ngay-doc-than-11-11-4189229.html"
"Vợ chồng mới cưới tử nạn trong tuần trăng mật","Chủ nhật, 8/11/2020, 19:00 (GMT+7)","https://vnexpress.net/vo-chong-moi-cuoi-tu-nan-trong-tuan-trang-mat-4188452.html"
"Trăng lên trên chùa Som Rong","Chủ nhật, 8/11/2020, 14:05 (GMT+7)","https://vnexpress.net/trang-len-tren-chua-som-rong-4187928.html"
"Sân bay Cam Ranh ngừng phát thanh ga quốc nội","Chủ nhật, 8/11/2020, 12:48 (GMT+7)","https://vnexpress.net/san-bay-cam-ranh-ngung-phat-thanh-ga-quoc-noi-4188321.html"
"Thứ không thể thiếu để tạo nên món cơm rang hoàn hảo","Chủ nhật, 8/11/2020, 11:08 (GMT+7)","https://vnexpress.net/thu-khong-the-thieu-de-tao-nen-mon-com-rang-hoan-hao-4188140.html"
"Yến Trang - Yến Nhi mê đặc sản Hà Nội","Chủ nhật, 8/11/2020, 15:04 (GMT+7)","https://vnexpress.net/yen-trang-yen-nhi-me-dac-san-ha-noi-4187896.html"
"Người Bali đóng học phí bằng dừa, lá cây","Chủ nhật, 8/11/2020, 08:09 (GMT+7)","https://vnexpress.net/nguoi-bali-dong-hoc-phi-bang-dua-la-cay-4188415.html"
"48 giờ săn mây, lội thác ở Mai Châu","Chủ nhật, 8/11/2020, 07:37 (GMT+7)","https://vnexpress.net/48-gio-san-may-loi-thac-o-mai-chau-4187360.html"
"Con đường rợp bóng cau vua","Chủ nhật, 8/11/2020, 02:08 (GMT+7)","https://vnexpress.net/con-duong-rop-bong-cau-vua-4188447.html"
"Quảng Ninh tổ chức tuần văn hóa ở huyện miền núi","Chủ nhật, 8/11/2020, 13:16 (GMT+7)","https://vnexpress.net/quang-ninh-to-chuc-tuan-van-hoa-o-huyen-mien-nui-4188574.html"
"Khảo sát mức độ hài lòng của khách du lịch Hà Giang","Chủ nhật, 8/11/2020, 09:00 (GMT+7)","https://vnexpress.net/khao-sat-muc-do-hai-long-cua-khach-du-lich-ha-giang-4179235.html"
"Joe Biden 8 năm đặt chân tới 57 quốc gia","Thứ bảy, 7/11/2020, 20:03 (GMT+7)","https://vnexpress.net/joe-biden-8-nam-dat-chan-toi-57-quoc-gia-4188224.html"
"Cây rẻ quạt 1.300 tuổi hút khách giữa Covid-19","Thứ bảy, 7/11/2020, 19:00 (GMT+7)","https://vnexpress.net/cay-re-quat-1-300-tuoi-hut-khach-giua-covid-19-4188368.html"
"Quán cà phê mèo ở Sài Gòn","Thứ bảy, 7/11/2020, 14:05 (GMT+7)","https://vnexpress.net/quan-ca-phe-meo-o-sai-gon-4187653.html"
"Quán bar tốt nhất thế giới năm 2020","Thứ bảy, 7/11/2020, 10:13 (GMT+7)","https://vnexpress.net/quan-bar-tot-nhat-the-gioi-nam-2020-4188029.html"
"Cách phân biệt hồng giòn Đà Lạt và hồng Trung Quốc","Thứ bảy, 7/11/2020, 07:37 (GMT+7)","https://vnexpress.net/cach-phan-biet-hong-gion-da-lat-va-hong-trung-quoc-4187893.html"
"Quảng Ninh giảm đến 50% giá hàng loạt tour du lịch","Thứ bảy, 7/11/2020, 15:03 (GMT+7)","https://vnexpress.net/quang-ninh-giam-den-50-gia-hang-loat-tour-du-lich-4188010.html"
"Khách luộc gà ở suối nước nóng","Thứ bảy, 7/11/2020, 12:45 (GMT+7)","https://vnexpress.net/khach-luoc-ga-o-suoi-nuoc-nong-4188134.html"
"Thêm 2 đường bay mới đến Côn Đảo","Thứ bảy, 7/11/2020, 08:09 (GMT+7)","https://vnexpress.net/them-2-duong-bay-moi-den-con-dao-4187870.html"
"Cây rẻ quạt 800 tuổi ở Fukushima","Thứ bảy, 7/11/2020, 02:08 (GMT+7)","https://vnexpress.net/cay-re-quat-800-tuoi-o-fukushima-4186933.html"
"Hãng bay yểu mệnh của Trump","Thứ sáu, 6/11/2020, 11:17 (GMT+7)","https://vnexpress.net/hang-bay-yeu-menh-cua-trump-4187534.html"
"Ngôi nhà 16 mặt tiền","Thứ sáu, 6/11/2020, 20:03 (GMT+7)","https://vnexpress.net/ngoi-nha-16-mat-tien-4187953.html"
"Bay khinh khí cầu ngắm hoa dã quỳ Ba Vì","Thứ sáu, 6/11/2020, 14:05 (GMT+7)","https://vnexpress.net/bay-khinh-khi-cau-ngam-hoa-da-quy-ba-vi-4187743.html"
"Check-in mùa hoa cỏ cuối năm dọc đất nước","Thứ sáu, 6/11/2020, 02:08 (GMT+7)","https://vnexpress.net/check-in-mua-hoa-co-cuoi-nam-doc-dat-nuoc-4186411.html"
"Lời chế nhạo Trump của hãng bay bị phản tác dụng","Thứ sáu, 6/11/2020, 19:00 (GMT+7)","https://vnexpress.net/loi-che-nhao-trump-cua-hang-bay-bi-phan-tac-dung-4188042.html"
"Hội chợ du lịch đẩy mạnh chuyển đổi số thời đại dịch","Thứ sáu, 6/11/2020, 15:22 (GMT+7)","https://vnexpress.net/hoi-cho-du-lich-day-manh-chuyen-doi-so-thoi-dai-dich-4187794.html"
"Gợi ý tour ẩm thực một ngày ở quận nhất","Thứ sáu, 6/11/2020, 13:06 (GMT+7)","https://vnexpress.net/goi-y-tour-am-thuc-mot-ngay-o-quan-nhat-4187462.html"
"Cá voi húc tung khách đang chèo thuyền","Thứ sáu, 6/11/2020, 11:30 (GMT+7)","https://vnexpress.net/ca-voi-huc-tung-khach-dang-cheo-thuyen-4187297.html"
"Thái Lan theo dõi khách bằng vòng tay thông minh","Thứ sáu, 6/11/2020, 08:09 (GMT+7)","https://vnexpress.net/thai-lan-theo-doi-khach-bang-vong-tay-thong-minh-4187506.html"
"Rừng tràm Trà Sư thi vị mùa nước nổi","Thứ sáu, 6/11/2020, 09:00 (GMT+7)","https://vnexpress.net/rung-tram-tra-su-thi-vi-mua-nuoc-noi-4187414.html"
"Người mẫu suýt bị đuổi khỏi máy bay vì mặc hở","Thứ năm, 5/11/2020, 19:00 (GMT+7)","https://vnexpress.net/nguoi-mau-suyt-bi-duoi-khoi-may-bay-vi-mac-ho-4187073.html"
"Đến TP HCM làm phi công chỉ với 4,3 triệu đồng","Thứ năm, 5/11/2020, 14:16 (GMT+7)","https://vnexpress.net/den-tp-hcm-lam-phi-cong-chi-voi-4-3-trieu-dong-4187033.html"
"Thác nước khách có thể leo ngược lên như Người Nhện","Thứ năm, 5/11/2020, 20:03 (GMT+7)","https://vnexpress.net/thac-nuoc-khach-co-the-leo-nguoc-len-nhu-nguoi-nhen-4187491.html"
"Thí điểm tàu lặn du lịch tại vịnh Nha Trang","Thứ năm, 5/11/2020, 15:03 (GMT+7)","https://vnexpress.net/thi-diem-tau-lan-du-lich-tai-vinh-nha-trang-4187075.html"
"Hà Nội mùa cúc họa mi","Thứ năm, 5/11/2020, 15:03 (GMT+7)","https://vnexpress.net/ha-noi-mua-cuc-hoa-mi-4186854.html"
"Vì sao không tip cho nhân viên xách đồ khi trả phòng?","Thứ năm, 5/11/2020, 13:06 (GMT+7)","https://vnexpress.net/vi-sao-khong-tip-cho-nhan-vien-xach-do-khi-tra-phong-4185566.html"
"Người Mỹ lại muốn tới Canada vì bầu cử tổng thống","Thứ năm, 5/11/2020, 12:10 (GMT+7)","https://vnexpress.net/nguoi-my-lai-muon-toi-canada-vi-bau-cu-tong-thong-4187277.html"
"Cây cầu phát sáng giữa rừng","Thứ năm, 5/11/2020, 09:08 (GMT+7)","https://vnexpress.net/cay-cau-phat-sang-giua-rung-4186925.html"
"Biến nước lũ thành trải nghiệm du lịch độc đáo","Thứ năm, 5/11/2020, 08:09 (GMT+7)","https://vnexpress.net/bien-nuoc-lu-thanh-trai-nghiem-du-lich-doc-dao-4186738.html"
"4 tiệm bánh mì nhân xíu mại trứng muối","Thứ năm, 5/11/2020, 07:37 (GMT+7)","https://vnexpress.net/4-tiem-banh-mi-nhan-xiu-mai-trung-muoi-4185666.html"
"Mùa thu rực rỡ ở lâu đài cổ tích","Thứ năm, 5/11/2020, 02:08 (GMT+7)","https://vnexpress.net/mua-thu-ruc-ro-o-lau-dai-co-tich-4186295.html"
"Vietnam Airlines nhận giải thưởng tại World Travel Awards 2020","Thứ năm, 5/11/2020, 11:00 (GMT+7)","https://vnexpress.net/vietnam-airlines-nhan-giai-thuong-tai-world-travel-awards-2020-4187321.html"
"'Vũ khí' bí mật của khách du lịch thời đại dịch","Thứ tư, 4/11/2020, 20:03 (GMT+7)","https://vnexpress.net/vu-khi-bi-mat-cua-khach-du-lich-thoi-dai-dich-4186780.html"
"Tiệm bánh tiên đoán Trump thắng","Thứ tư, 4/11/2020, 19:00 (GMT+7)","https://vnexpress.net/tiem-banh-tien-doan-trump-thang-4187013.html"
"Mù Cang Chải vào top 50 điểm đẹp nhất năm 2020","Thứ tư, 4/11/2020, 15:48 (GMT+7)","https://vnexpress.net/mu-cang-chai-vao-top-50-diem-dep-nhat-nam-2020-4186658.html"
"5 bể bơi độc đáo nhất Việt Nam","Thứ tư, 4/11/2020, 14:05 (GMT+7)","https://vnexpress.net/5-be-boi-doc-dao-nhat-viet-nam-4186410.html"
"Lý giải cơn sốt những chuyến bay không đi đến đâu","Thứ tư, 4/11/2020, 11:30 (GMT+7)","https://vnexpress.net/ly-giai-con-sot-nhung-chuyen-bay-khong-di-den-dau-4186731.html"
"Tip 30.000 đồng cho nhân viên dọn phòng có được không?","Thứ tư, 4/11/2020, 13:33 (GMT+7)","https://vnexpress.net/tip-30-000-dong-cho-nhan-vien-don-phong-co-duoc-khong-4185584.html"
"Nhiều hãng bay điều chuyển tiếp viên ngày bầu cử tổng thống","Thứ tư, 4/11/2020, 13:07 (GMT+7)","https://vnexpress.net/nhieu-hang-bay-dieu-chuyen-tiep-vien-ngay-bau-cu-tong-thong-4186746.html"
"Thả rùa biển sáng sớm ở Côn Đảo","Thứ tư, 4/11/2020, 02:08 (GMT+7)","https://vnexpress.net/tha-rua-bien-sang-som-o-con-dao-4185540.html"
"Bị đuổi khỏi máy bay vì trốn lên khoang hạng nhất","Thứ tư, 4/11/2020, 08:09 (GMT+7)","https://vnexpress.net/bi-duoi-khoi-may-bay-vi-tron-len-khoang-hang-nhat-4186483.html"
"Xin lịch trình food-tour một ngày ở Hà Nội","Thứ tư, 4/11/2020, 07:37 (GMT+7)","https://vnexpress.net/xin-lich-trinh-food-tour-mot-ngay-o-ha-noi-4185604.html"
"Sun Group nhận 25 giải tại World Travel Awards 2020","Thứ tư, 4/11/2020, 17:30 (GMT+7)","https://vnexpress.net/sun-group-nhan-25-giai-tai-world-travel-awards-2020-4186834.html"
"Gợi ý trải nghiệm du lịch Huế","Thứ tư, 4/11/2020, 00:00 (GMT+7)","https://vnexpress.net/goi-y-trai-nghiem-du-lich-hue-4186026.html"
"Nơi nghỉ dưỡng bí mật của các tổng thống Mỹ","Thứ ba, 3/11/2020, 20:03 (GMT+7)","https://vnexpress.net/noi-nghi-duong-bi-mat-cua-cac-tong-thong-my-4186078.html"
"Đạp xe hơn 4.000 km trong 36 ngày vì một trò đùa","Thứ ba, 3/11/2020, 19:00 (GMT+7)","https://vnexpress.net/dap-xe-hon-4-000-km-trong-36-ngay-vi-mot-tro-dua-4186416.html"
"Quán cà phê 'xuyên thấu'","Thứ ba, 3/11/2020, 15:00 (GMT+7)","https://vnexpress.net/quan-ca-phe-xuyen-thau-4185668.html"
"Khách tố 'bị lừa' khi tham quan vườn hoa ở Đà Lạt","Thứ ba, 3/11/2020, 14:05 (GMT+7)","https://vnexpress.net/khach-to-bi-lua-khi-tham-quan-vuon-hoa-o-da-lat-4186046.html"
"Thực khách ẩu đả vì đợi lâu không được vào toilet","Thứ ba, 3/11/2020, 13:06 (GMT+7)","https://vnexpress.net/thuc-khach-au-da-vi-doi-lau-khong-duoc-vao-toilet-4186249.html"
"Thang cuốn dài nhất thế giới","Thứ ba, 3/11/2020, 11:11 (GMT+7)","https://vnexpress.net/thang-cuon-dai-nhat-the-gioi-4186184.html"
"Sắc màu lễ hội đua ghe Sóc Trăng","Thứ ba, 3/11/2020, 02:08 (GMT+7)","https://vnexpress.net/sac-mau-le-hoi-dua-ghe-soc-trang-4185564.html"
"Vì sao hãng bay không bán vé trẻ sơ sinh ở khoang hạng nhất?","Thứ ba, 3/11/2020, 13:33 (GMT+7)","https://vnexpress.net/vi-sao-hang-bay-khong-ban-ve-tre-so-sinh-o-khoang-hang-nhat-4185555.html"
"Sân bay 'dính lời nguyền' cuối cùng đã mở cửa","Thứ ba, 3/11/2020, 08:19 (GMT+7)","https://vnexpress.net/san-bay-dinh-loi-nguyen-cuoi-cung-da-mo-cua-4185949.html"
"Vì sao khách sạn không giữ hộ khách đồ ăn thừa?","Thứ ba, 3/11/2020, 07:37 (GMT+7)","https://vnexpress.net/vi-sao-khach-san-khong-giu-ho-khach-do-an-thua-4185574.html"
"Hộ chiếu giấc mơ - đi nghỉ khi đang ngủ","Thứ hai, 2/11/2020, 20:03 (GMT+7)","https://vnexpress.net/ho-chieu-giac-mo-di-nghi-khi-dang-ngu-4185612.html"
"Bị bắt vì dùng giấy xét nghiệm nCoV giả để đi biển","Thứ hai, 2/11/2020, 19:00 (GMT+7)","https://vnexpress.net/bi-bat-vi-dung-giay-xet-nghiem-ncov-gia-de-di-bien-4185928.html"
"Nét huyền bí trong lễ nhảy lửa của người Pà Thẻn","Thứ hai, 2/11/2020, 15:20 (GMT+7)","https://vnexpress.net/net-huyen-bi-trong-le-nhay-lua-cua-nguoi-pa-then-4185718.html"
"Bí ẩn về ngọn lửa bất tử trong thác nước","Thứ hai, 2/11/2020, 10:13 (GMT+7)","https://vnexpress.net/bi-an-ve-ngon-lua-bat-tu-trong-thac-nuoc-4185314.html"
"Người bị cấm bay có thể đi máy bay nữa không?","Thứ hai, 2/11/2020, 13:13 (GMT+7)","https://vnexpress.net/nguoi-bi-cam-bay-co-the-di-may-bay-nua-khong-4185532.html"
"Sân bay đông khách nhất châu Âu giữa đại dịch","Thứ hai, 2/11/2020, 12:03 (GMT+7)","https://vnexpress.net/san-bay-dong-khach-nhat-chau-au-giua-dai-dich-4185425.html"
"Mùa thu biên giới nước Đức","Thứ hai, 2/11/2020, 02:08 (GMT+7)","https://vnexpress.net/mua-thu-bien-gioi-nuoc-duc-4184179.html"
"Giới trẻ Hà Nội 'hoá thú' trong đêm Halloween","Chủ nhật, 1/11/2020, 20:06 (GMT+7)","https://vnexpress.net/gioi-tre-ha-noi-hoa-thu-trong-dem-halloween-4185387.html"
"Thực khách không được vào hàng ăn vì một đôi giày","Chủ nhật, 1/11/2020, 19:00 (GMT+7)","https://vnexpress.net/thuc-khach-khong-duoc-vao-hang-an-vi-mot-doi-giay-4185289.html"
"Bồi bàn bật khóc khi nhận tiền tip","Chủ nhật, 1/11/2020, 13:06 (GMT+7)","https://vnexpress.net/boi-ban-bat-khoc-khi-nhan-tien-tip-4185281.html"
"Hầm chứa hạt giống toàn cầu: 'Điểm cấm' hút khách ở Na Uy","Chủ nhật, 1/11/2020, 10:13 (GMT+7)","https://vnexpress.net/ham-chua-hat-giong-toan-cau-diem-cam-hut-khach-o-na-uy-4185069.html"
"Phố cổ Hội An sau bão lũ","Chủ nhật, 1/11/2020, 02:08 (GMT+7)","https://vnexpress.net/pho-co-hoi-an-sau-bao-lu-4185011.html"
"Lễ cấp sắc của đồng bào Dao Tiền","Chủ nhật, 1/11/2020, 15:03 (GMT+7)","https://vnexpress.net/le-cap-sac-cua-dong-bao-dao-tien-4183046.html"
"Vườn hướng dương nở rộ ở Hải Dương","Chủ nhật, 1/11/2020, 14:05 (GMT+7)","https://vnexpress.net/vuon-huong-duong-no-ro-o-hai-duong-4183920.html"
"Tour, vé máy bay giảm đến 50% tại ngày hội du lịch","Chủ nhật, 1/11/2020, 08:09 (GMT+7)","https://vnexpress.net/tour-ve-may-bay-giam-den-50-tai-ngay-hoi-du-lich-4185111.html"
"5 món ăn đặc trưng trong bữa tiệc người Hoa","Chủ nhật, 1/11/2020, 07:37 (GMT+7)","https://vnexpress.net/5-mon-an-dac-trung-trong-bua-tiec-nguoi-hoa-4184749.html"
"Người dân trên thế giới ăn mừng Halloween thế nào?","Thứ bảy, 31/10/2020, 20:03 (GMT+7)","https://vnexpress.net/nguoi-dan-tren-the-gioi-an-mung-halloween-the-nao-4185083.html"
"Ngã từ trần nhà xuống khi trốn trả tiền ăn","Thứ bảy, 31/10/2020, 19:00 (GMT+7)","https://vnexpress.net/nga-tu-tran-nha-xuong-khi-tron-tra-tien-an-4185033.html"
"Tà Năng mùa này có gì?","Thứ bảy, 31/10/2020, 14:05 (GMT+7)","https://vnexpress.net/ta-nang-mua-nay-co-gi-4184975.html"
"Du khách tới Hà Giang tăng mạnh","Thứ bảy, 31/10/2020, 15:03 (GMT+7)","https://vnexpress.net/du-khach-toi-ha-giang-tang-manh-4184742.html"
"Hành khách đòi mở cửa thoát hiểm khi bay qua biển","Thứ bảy, 31/10/2020, 12:03 (GMT+7)","https://vnexpress.net/hanh-khach-doi-mo-cua-thoat-hiem-khi-bay-qua-bien-4184811.html"
"Lụt ở Venice: khách chụp ảnh còn dân khóc","Thứ bảy, 31/10/2020, 10:13 (GMT+7)","https://vnexpress.net/lut-o-venice-khach-chup-anh-con-dan-khoc-4184648.html"
"Vịt quay Bắc Kinh khác gì vịt quay Quảng Đông?","Thứ bảy, 31/10/2020, 07:37 (GMT+7)","https://vnexpress.net/vit-quay-bac-kinh-khac-gi-vit-quay-quang-dong-4184490.html"
"5 góc chụp như Hàn Quốc ở Hà Nội","Thứ bảy, 31/10/2020, 02:08 (GMT+7)","https://vnexpress.net/5-goc-chup-nhu-han-quoc-o-ha-noi-4182964.html"
"Khoá học tiếng Hàn miễn phí cho hướng dẫn viên, sinh viên","Thứ bảy, 31/10/2020, 22:44 (GMT+7)","https://vnexpress.net/khoa-hoc-tieng-han-mien-phi-cho-huong-dan-vien-sinh-vien-4184989.html"
"Quảng Ninh tổ chức tuần văn hóa kích cầu du lịch","Thứ bảy, 31/10/2020, 09:08 (GMT+7)","https://vnexpress.net/quang-ninh-to-chuc-tuan-van-hoa-kich-cau-du-lich-4184855.html"
"Những khách sạn cổ ở Sài Gòn","Thứ bảy, 31/10/2020, 09:00 (GMT+7)","https://vnexpress.net/nhung-khach-san-co-o-sai-gon-4183756.html"
"Cuộc tấn công của 130.000 con khỉ","Thứ sáu, 30/10/2020, 19:00 (GMT+7)","https://vnexpress.net/cuoc-tan-cong-cua-130-000-con-khi-4184702.html"
"Giàn hoa giấy Hội An trơ trụi sau bão","Thứ sáu, 30/10/2020, 15:03 (GMT+7)","https://vnexpress.net/gian-hoa-giay-hoi-an-tro-trui-sau-bao-4184501.html"
"Đẩy mạnh ứng dụng công nghệ trong quản lý hoạt động du lịch","Thứ sáu, 30/10/2020, 14:31 (GMT+7)","https://vnexpress.net/day-manh-ung-dung-cong-nghe-trong-quan-ly-hoat-dong-du-lich-4184520.html"
"Khách đổ xô đặt phòng Airbnb tệ nhất thế giới","Thứ sáu, 30/10/2020, 12:05 (GMT+7)","https://vnexpress.net/khach-do-xo-dat-phong-airbnb-te-nhat-the-gioi-4184375.html"
"Người đàn ông 'phát minh' ra ngành du lịch Scotland","Thứ sáu, 30/10/2020, 10:19 (GMT+7)","https://vnexpress.net/nguoi-dan-ong-phat-minh-ra-nganh-du-lich-scotland-4184054.html"
"Tour leo núi thể thao ở Lạng Sơn","Thứ sáu, 30/10/2020, 13:06 (GMT+7)","https://vnexpress.net/tour-leo-nui-the-thao-o-lang-son-4184150.html"
"Cuối tuần khám phá Bình Liêu mùa cỏ lau","Thứ sáu, 30/10/2020, 07:37 (GMT+7)","https://vnexpress.net/cuoi-tuan-kham-pha-binh-lieu-mua-co-lau-4183628.html"
"Khách say khỏa thân, đập phá phòng nghỉ","Thứ sáu, 30/10/2020, 07:59 (GMT+7)","https://vnexpress.net/khach-say-khoa-than-dap-pha-phong-nghi-4184196.html"
"Salinda Resort - khu nghỉ dưỡng theo hướng thân thiện môi trường","Thứ sáu, 30/10/2020, 10:52 (GMT+7)","https://vnexpress.net/salinda-resort-khu-nghi-duong-theo-huong-than-thien-moi-truong-4182937.html"
"Ngôi làng trả 52.000 USD để khách đến ở","Thứ năm, 29/10/2020, 20:03 (GMT+7)","https://vnexpress.net/ngoi-lang-tra-52-000-usd-de-khach-den-o-4183392.html"
"Ảnh chụp cầu Phú Mỹ trong top đẹp nhất năm 2020","Thứ năm, 29/10/2020, 14:56 (GMT+7)","https://vnexpress.net/anh-chup-cau-phu-my-trong-top-dep-nhat-nam-2020-4183642.html"
"Địa điểm chơi Halloween ở Hà Nội, Sài Gòn","Thứ năm, 29/10/2020, 14:05 (GMT+7)","https://vnexpress.net/dia-diem-choi-halloween-o-ha-noi-sai-gon-4183407.html"
"Nga hồi sinh 'quái vật' để hút khách du lịch","Thứ năm, 29/10/2020, 08:08 (GMT+7)","https://vnexpress.net/nga-hoi-sinh-quai-vat-de-hut-khach-du-lich-4182887.html"
"Vietravel Airlines được nhận giấy phép bay","Thứ năm, 29/10/2020, 17:16 (GMT+7)","https://vnexpress.net/vietravel-airlines-duoc-nhan-giay-phep-bay-4184142.html"
"Du khách bị cá mập cắn mất tay","Thứ năm, 29/10/2020, 12:03 (GMT+7)","https://vnexpress.net/du-khach-bi-ca-map-can-mat-tay-4183845.html"
"‘Bánh mì yêu nước’ gây sốt","Thứ năm, 29/10/2020, 10:16 (GMT+7)","https://vnexpress.net/banh-mi-yeu-nuoc-gay-sot-4183574.html"
"5 điểm săn mây hút khách ở Đà Lạt","Thứ năm, 29/10/2020, 02:08 (GMT+7)","https://vnexpress.net/5-diem-san-may-hut-khach-o-da-lat-4182762.html"
"Những món ăn nổi tiếng ở Quảng Đông","Thứ năm, 29/10/2020, 07:37 (GMT+7)","https://vnexpress.net/nhung-mon-an-noi-tieng-o-quang-dong-4181068.html"
"Bên trong chuyến bay không đi tới đâu","Thứ tư, 28/10/2020, 20:03 (GMT+7)","https://vnexpress.net/ben-trong-chuyen-bay-khong-di-toi-dau-4183481.html"
"Du khách 20 tuổi chết vì đạn lạc ở New York","Thứ tư, 28/10/2020, 19:00 (GMT+7)","https://vnexpress.net/du-khach-20-tuoi-chet-vi-dan-lac-o-new-york-4183595.html"
"6 ảnh Việt Nam thắng giải quốc tế","Thứ tư, 28/10/2020, 14:05 (GMT+7)","https://vnexpress.net/6-anh-viet-nam-thang-giai-quoc-te-4183120.html"
"Căn phòng chứa cả tấn đất trị giá một triệu USD","Thứ tư, 28/10/2020, 10:13 (GMT+7)","https://vnexpress.net/can-phong-chua-ca-tan-dat-tri-gia-mot-trieu-usd-4182328.html"
"Tảng đá khoảng 30.000 tấn vỡ đôi sau bão","Thứ tư, 28/10/2020, 12:21 (GMT+7)","https://vnexpress.net/tang-da-khoang-30-000-tan-vo-doi-sau-bao-4183357.html"
"Mùa thu 'nhuộm vàng' Trung Quốc","Thứ tư, 28/10/2020, 02:08 (GMT+7)","https://vnexpress.net/mua-thu-nhuom-vang-trung-quoc-4182229.html"
"Khách Việt được lợi gì từ chương trình kích cầu cuối năm?","Thứ tư, 28/10/2020, 17:25 (GMT+7)","https://vnexpress.net/khach-viet-duoc-loi-gi-tu-chuong-trinh-kich-cau-cuoi-nam-4183355.html"
"Khách bị lừa tiền khi đặt homestay 'ma' ở Đà Lạt","Thứ tư, 28/10/2020, 08:09 (GMT+7)","https://vnexpress.net/khach-bi-lua-tien-khi-dat-homestay-ma-o-da-lat-4182918.html"
"Chi gần 500 USD để ngồi ăn trên máy bay","Thứ ba, 27/10/2020, 21:34 (GMT+7)","https://vnexpress.net/chi-gan-500-usd-de-ngoi-an-tren-may-bay-4182728.html"
"Mèo bị đuổi khỏi tàu vì đi lậu vé","Thứ ba, 27/10/2020, 19:41 (GMT+7)","https://vnexpress.net/meo-bi-duoi-khoi-tau-vi-di-lau-ve-4183021.html"
"Lên Đà Lạt check-in vườn hồng trĩu quả","Thứ ba, 27/10/2020, 15:52 (GMT+7)","https://vnexpress.net/len-da-lat-check-in-vuon-hong-triu-qua-4182788.html"
"Bà Rịa - Vũng Tàu kín phòng dịp cuối tuần","Thứ ba, 27/10/2020, 15:36 (GMT+7)","https://vnexpress.net/ba-ria-vung-tau-kin-phong-dip-cuoi-tuan-4182775.html"
"Hàng thịt quay đông khách xếp hàng mỗi chiều","Thứ ba, 27/10/2020, 09:17 (GMT+7)","https://vnexpress.net/hang-thit-quay-dong-khach-xep-hang-moi-chieu-4182407.html"
"Dùng giấy xét nghiệm nCoV giả để được đi du lịch","Thứ ba, 27/10/2020, 12:05 (GMT+7)","https://vnexpress.net/dung-giay-xet-nghiem-ncov-gia-de-duoc-di-du-lich-4182683.html"
"Mùa thu đẹp như tranh ở hồ Plitvice","Thứ ba, 27/10/2020, 02:08 (GMT+7)","https://vnexpress.net/mua-thu-dep-nhu-tranh-o-ho-plitvice-4182078.html"
"Học làm sushi Nhật với chương trình du lịch trực tuyến","Thứ ba, 27/10/2020, 16:03 (GMT+7)","https://vnexpress.net/hoc-lam-sushi-nhat-voi-chuong-trinh-du-lich-truc-tuyen-4182164.html"
"Đi chơi Halloween đâu ở Hà Nội?","Thứ ba, 27/10/2020, 13:33 (GMT+7)","https://vnexpress.net/di-choi-halloween-dau-o-ha-noi-4182343.html"
"Khách sạn sẽ ra sao hậu Covid-19?","Thứ ba, 27/10/2020, 08:09 (GMT+7)","https://vnexpress.net/khach-san-se-ra-sao-hau-covid-19-4180693.html"
"Mì lá sen tôm giòn kiểu Hong Kong","Thứ ba, 27/10/2020, 07:37 (GMT+7)","https://vnexpress.net/mi-la-sen-tom-gion-kieu-hong-kong-4181506.html"
"Vietravel nhận bằng khen doanh nghiệp xuất sắc","Thứ ba, 27/10/2020, 17:08 (GMT+7)","https://vnexpress.net/vietravel-nhan-bang-khen-doanh-nghiep-xuat-sac-4182822.html"
"Vietravel vào danh sách 50 doanh nghiệp tuyển dụng hấp dẫn","Thứ ba, 27/10/2020, 13:52 (GMT+7)","https://vnexpress.net/vietravel-vao-danh-sach-50-doanh-nghiep-tuyen-dung-hap-dan-4182830.html"
"Cô gái đi giày cao gót leo núi","Thứ hai, 26/10/2020, 19:00 (GMT+7)","https://vnexpress.net/co-gai-di-giay-cao-got-leo-nui-4182333.html"
"Nơi du khách đến để đào kim cương","Thứ hai, 26/10/2020, 10:13 (GMT+7)","https://vnexpress.net/noi-du-khach-den-de-dao-kim-cuong-4181701.html"
"Gần 1.100 người chạy băng rừng Pù Luông","Thứ hai, 26/10/2020, 14:05 (GMT+7)","https://vnexpress.net/gan-1-100-nguoi-chay-bang-rung-pu-luong-4182172.html"
"Bị thương nặng vì rơi từ xích đu ở độ cao 30m","Thứ hai, 26/10/2020, 12:05 (GMT+7)","https://vnexpress.net/bi-thuong-nang-vi-roi-tu-xich-du-o-do-cao-30m-4182009.html"
"Blogger du lịch cứu trợ người dân ở 'rốn lũ'","Thứ hai, 26/10/2020, 08:50 (GMT+7)","https://vnexpress.net/blogger-du-lich-cuu-tro-nguoi-dan-o-ron-lu-4181780.html"
"7 nơi chụp ảnh mùa thu đẹp nhất Hàn Quốc","Thứ hai, 26/10/2020, 02:08 (GMT+7)","https://vnexpress.net/7-noi-chup-anh-mua-thu-dep-nhat-han-quoc-4181715.html"
"Lý do người Mỹ trưng xe Cadillac đổ kín bê tông","Chủ nhật, 25/10/2020, 20:03 (GMT+7)","https://vnexpress.net/ly-do-nguoi-my-trung-xe-cadillac-do-kin-be-tong-4181717.html"
"Vườn thú để động vật chết đói gần hết","Chủ nhật, 25/10/2020, 19:18 (GMT+7)","https://vnexpress.net/vuon-thu-de-dong-vat-chet-doi-gan-het-4181787.html"
"Quán cà phê cho người mê xe đạp ở Sài Gòn","Chủ nhật, 25/10/2020, 13:30 (GMT+7)","https://vnexpress.net/quan-ca-phe-cho-nguoi-me-xe-dap-o-sai-gon-4181240.html"
"Chuyến bay thẳng dài nhất nước Mỹ tái hoạt động","Chủ nhật, 25/10/2020, 15:14 (GMT+7)","https://vnexpress.net/chuyen-bay-thang-dai-nhat-nuoc-my-tai-hoat-dong-4181847.html"
"Đầu bếp tiết lộ đặc trưng ẩm thực Quảng Đông","Chủ nhật, 25/10/2020, 10:13 (GMT+7)","https://vnexpress.net/dau-bep-tiet-lo-dac-trung-am-thuc-quang-dong-4181343.html"
"Những siêu du thuyền ra khơi trở lại giữa Covid-19","Chủ nhật, 25/10/2020, 08:09 (GMT+7)","https://vnexpress.net/nhung-sieu-du-thuyen-ra-khoi-tro-lai-giua-covid-19-4181703.html"
"5 ảnh Việt Nam đạt giải ảnh chụp trên cao","Chủ nhật, 25/10/2020, 02:08 (GMT+7)","https://vnexpress.net/5-anh-viet-nam-dat-giai-anh-chup-tren-cao-4181011.html"
"Phan Thiết hội tụ nhiều điều kiện phát triển du lịch","Chủ nhật, 25/10/2020, 08:00 (GMT+7)","https://vnexpress.net/phan-thiet-hoi-tu-nhieu-dieu-kien-phat-trien-du-lich-4181477.html"
"Món ngon Hà Nội ngày se lạnh","Chủ nhật, 25/10/2020, 07:37 (GMT+7)","https://vnexpress.net/mon-ngon-ha-noi-ngay-se-lanh-4180808.html"
"Sếp Bamboo Airways muốn đưa du lịch Quảng Ninh đến thế giới","Chủ nhật, 25/10/2020, 17:00 (GMT+7)","https://vnexpress.net/sep-bamboo-airways-muon-dua-du-lich-quang-ninh-den-the-gioi-4181852.html"
"Mũi Né thành khu du lịch quốc gia","Chủ nhật, 25/10/2020, 10:10 (GMT+7)","https://vnexpress.net/mui-ne-thanh-khu-du-lich-quoc-gia-4181476.html"
"Bí ẩn về lời nguyền ở Hồ bơi của Quỷ","Thứ bảy, 24/10/2020, 20:03 (GMT+7)","https://vnexpress.net/bi-an-ve-loi-nguyen-o-ho-boi-cua-quy-4181385.html"
"Chuyến bay 90 phút quay về nơi xuất phát","Thứ bảy, 24/10/2020, 19:00 (GMT+7)","https://vnexpress.net/chuyen-bay-90-phut-quay-ve-noi-xuat-phat-4181619.html"
"Ngôi nhà đất đỏ bazan độc đáo nhất Việt Nam","Thứ bảy, 24/10/2020, 14:05 (GMT+7)","https://vnexpress.net/ngoi-nha-dat-do-bazan-doc-dao-nhat-viet-nam-4181335.html"
"Con đường chết chóc nhất nước Anh","Thứ bảy, 24/10/2020, 11:31 (GMT+7)","https://vnexpress.net/con-duong-chet-choc-nhat-nuoc-anh-4181143.html"
"Gần 200 tour du lịch giảm giá đến 50%","Thứ bảy, 24/10/2020, 13:23 (GMT+7)","https://vnexpress.net/gan-200-tour-du-lich-giam-gia-den-50-4181248.html"
"Khách Việt ngày càng chuộng du lịch tự túc trong Covid-19","Thứ bảy, 24/10/2020, 08:09 (GMT+7)","https://vnexpress.net/khach-viet-ngay-cang-chuong-du-lich-tu-tuc-trong-covid-19-4181241.html"
"Vẻ đẹp Hà Giang qua ống kính du khách","Thứ bảy, 24/10/2020, 07:37 (GMT+7)","https://vnexpress.net/ve-dep-ha-giang-qua-ong-kinh-du-khach-4180438.html"
"10 nơi đón mùa thu đẹp nhất thế giới","Thứ bảy, 24/10/2020, 02:08 (GMT+7)","https://vnexpress.net/10-noi-don-mua-thu-dep-nhat-the-gioi-4179057.html"
"Nơi Covid-19 'bỏ qua' nhưng du lịch vẫn kiệt quệ","Thứ sáu, 23/10/2020, 19:00 (GMT+7)","https://vnexpress.net/noi-covid-19-bo-qua-nhung-du-lich-van-kiet-que-4181296.html"
"4 khu nghỉ dưỡng suối khoáng nóng hút khách","Thứ sáu, 23/10/2020, 15:03 (GMT+7)","https://vnexpress.net/4-khu-nghi-duong-suoi-khoang-nong-hut-khach-4179971.html"
"Hàng loạt điểm du lịch miền Trung ngập sâu","Thứ sáu, 23/10/2020, 14:05 (GMT+7)","https://vnexpress.net/hang-loat-diem-du-lich-mien-trung-ngap-sau-4180978.html"
"Tiếp viên có thể thay phi công lái máy bay?","Thứ sáu, 23/10/2020, 10:13 (GMT+7)","https://vnexpress.net/tiep-vien-co-the-thay-phi-cong-lai-may-bay-4180569.html"
"Tiệm ramen ở nơi xa xôi nhất Nhật Bản","Thứ sáu, 23/10/2020, 20:03 (GMT+7)","https://vnexpress.net/tiem-ramen-o-noi-xa-xoi-nhat-nhat-ban-4181052.html"
"Khách gọi rượu rẻ, nhà hàng đưa nhầm chai đắt nhất","Thứ sáu, 23/10/2020, 13:06 (GMT+7)","https://vnexpress.net/khach-goi-ruou-re-nha-hang-dua-nham-chai-dat-nhat-4181126.html"
"Ảnh phong cảnh nước Anh đẹp nhất năm 2020","Thứ sáu, 23/10/2020, 02:08 (GMT+7)","https://vnexpress.net/anh-phong-canh-nuoc-anh-dep-nhat-nam-2020-4179893.html"
"Bị vợ tát vì không đeo khẩu trang trên máy bay","Thứ sáu, 23/10/2020, 08:09 (GMT+7)","https://vnexpress.net/bi-vo-tat-vi-khong-deo-khau-trang-tren-may-bay-4180853.html"
"Hương vị đặc trưng trong quả lê vùng Fukushima","Thứ sáu, 23/10/2020, 09:00 (GMT+7)","https://vnexpress.net/huong-vi-dac-trung-trong-qua-le-vung-fukushima-4170994.html"
"Những chuyến bay bí ẩn","Thứ năm, 22/10/2020, 20:03 (GMT+7)","https://vnexpress.net/nhung-chuyen-bay-bi-an-4180537.html"
"Công viên Nhật cho thuê 'văn phòng' lơ lửng trên không","Thứ năm, 22/10/2020, 19:00 (GMT+7)","https://vnexpress.net/cong-vien-nhat-cho-thue-van-phong-lo-lung-tren-khong-4180534.html"
"Sở hữu kỳ nghỉ - chìa khoá của resort 5 sao trong đại dịch","Thứ năm, 22/10/2020, 17:00 (GMT+7)","https://vnexpress.net/so-huu-ky-nghi-chia-khoa-cua-resort-5-sao-trong-dai-dich-4180185.html"
"Hai cung đường núi tựa cổ tích","Thứ năm, 22/10/2020, 14:05 (GMT+7)","https://vnexpress.net/hai-cung-duong-nui-tua-co-tich-4178689.html"
"Vì sao trong phòng vệ sinh khách sạn lại để nước suối?","Thứ năm, 22/10/2020, 13:33 (GMT+7)","https://vnexpress.net/vi-sao-trong-phong-ve-sinh-khach-san-lai-de-nuoc-suoi-4180138.html"
"Giếng bậc thang đẹp nhất Ấn Độ","Thứ năm, 22/10/2020, 12:07 (GMT+7)","https://vnexpress.net/gieng-bac-thang-dep-nhat-an-do-4180478.html"
"Đầu bếp Trung Quốc gợi ý 5 món dim sum nên thử","Thứ năm, 22/10/2020, 07:37 (GMT+7)","https://vnexpress.net/dau-bep-trung-quoc-goi-y-5-mon-dim-sum-nen-thu-4179889.html"
"Thái Lan đón đoàn khách quốc tế đầu tiên trong đại dịch","Thứ năm, 22/10/2020, 13:06 (GMT+7)","https://vnexpress.net/thai-lan-don-doan-khach-quoc-te-dau-tien-trong-dai-dich-4180558.html"
"Chèo ghe trên phố cổ mùa lũ","Thứ năm, 22/10/2020, 02:08 (GMT+7)","https://vnexpress.net/cheo-ghe-tren-pho-co-mua-lu-4179484.html"
"Nhà hàng bán bữa ăn ở trên trời","Thứ năm, 22/10/2020, 08:09 (GMT+7)","https://vnexpress.net/nha-hang-ban-bua-an-o-tren-troi-4180299.html"
"Trải nghiệm ẩm thực tại Maia Resort Quy Nhơn","Thứ năm, 22/10/2020, 08:00 (GMT+7)","https://vnexpress.net/trai-nghiem-am-thuc-tai-maia-resort-quy-nhon-4134111.html"
"Bi kịch đằng sau món mỳ ống nổi tiếng","Thứ tư, 21/10/2020, 20:03 (GMT+7)","https://vnexpress.net/bi-kich-dang-sau-mon-my-ong-noi-tieng-4179909.html"
"Lũ bủa vây phố cổ Hội An","Thứ tư, 21/10/2020, 14:05 (GMT+7)","https://vnexpress.net/lu-bua-vay-pho-co-hoi-an-4179461.html"
"Ngôi đền nuôi bầy cá sấu khổng lồ","Thứ tư, 21/10/2020, 13:37 (GMT+7)","https://vnexpress.net/ngoi-den-nuoi-bay-ca-sau-khong-lo-4180037.html"
"Chuyến bay thẳng dài nhất thế giới lập kỷ lục mới","Thứ tư, 21/10/2020, 10:44 (GMT+7)","https://vnexpress.net/chuyen-bay-thang-dai-nhat-the-gioi-lap-ky-luc-moi-4179852.html"
"Mùa thu trên cung đường 48 khúc cua","Thứ tư, 21/10/2020, 02:08 (GMT+7)","https://vnexpress.net/mua-thu-tren-cung-duong-48-khuc-cua-4179293.html"
"Bị nhắc đeo khẩu trang, hành khách tát tiếp viên","Thứ tư, 21/10/2020, 19:00 (GMT+7)","https://vnexpress.net/bi-nhac-deo-khau-trang-hanh-khach-tat-tiep-vien-4180038.html"
"Miến cua trộn ở Hà Nội quán nào ngon nhất?","Thứ tư, 21/10/2020, 13:33 (GMT+7)","https://vnexpress.net/mien-cua-tron-o-ha-noi-quan-nao-ngon-nhat-4179378.html"
"Miễn phí ăn ở cho đồng bào vùng lũ và đoàn cứu trợ","Thứ tư, 21/10/2020, 08:09 (GMT+7)","https://vnexpress.net/mien-phi-an-o-cho-dong-bao-vung-lu-va-doan-cuu-tro-4179557.html"
"Người Việt ưu tiên khách sạn khử trùng phòng hàng ngày","Thứ tư, 21/10/2020, 07:37 (GMT+7)","https://vnexpress.net/nguoi-viet-uu-tien-khach-san-khu-trung-phong-hang-ngay-4179301.html"
"Maia Resort Quy Nhơn mở cửa đón khách","Thứ tư, 21/10/2020, 11:07 (GMT+7)","https://vnexpress.net/maia-resort-quy-nhon-mo-cua-don-khach-4171792.html"
"Khách nữ sống sót sau hai tuần lạc trong rừng","Thứ ba, 20/10/2020, 19:00 (GMT+7)","https://vnexpress.net/khach-nu-song-sot-sau-hai-tuan-lac-trong-rung-4179318.html"
"Đăk Lăk sẽ bỏ dịch vụ cưỡi voi","Thứ ba, 20/10/2020, 17:17 (GMT+7)","https://vnexpress.net/dak-lak-se-bo-dich-vu-cuoi-voi-4179531.html"
"Hoàng Thành Thăng Long về đêm","Thứ ba, 20/10/2020, 14:25 (GMT+7)","https://vnexpress.net/hoang-thanh-thang-long-ve-dem-4178927.html"
"Điều bất thường trong nghĩa địa máy bay","Thứ ba, 20/10/2020, 08:19 (GMT+7)","https://vnexpress.net/dieu-bat-thuong-trong-nghia-dia-may-bay-4179157.html"
"Hòn đảo nơi biển có 7 màu","Thứ ba, 20/10/2020, 20:03 (GMT+7)","https://vnexpress.net/hon-dao-noi-bien-co-7-mau-4179560.html"
"Khách bay Côn Đảo chỉ phải làm thủ tục một lần","Thứ ba, 20/10/2020, 15:09 (GMT+7)","https://vnexpress.net/khach-bay-con-dao-chi-phai-lam-thu-tuc-mot-lan-4179299.html"
"Vì sao người Hà Nội thích đi ăn 'bún chửi'?","Thứ ba, 20/10/2020, 13:33 (GMT+7)","https://vnexpress.net/vi-sao-nguoi-ha-noi-thich-di-an-bun-chui-4179383.html"
"Gấu vồ chết nhân viên sở thú","Thứ ba, 20/10/2020, 12:03 (GMT+7)","https://vnexpress.net/gau-vo-chet-nhan-vien-so-thu-4179376.html"
"Trúng tuyển tiếp viên hàng không khó hơn đậu Harvard","Thứ ba, 20/10/2020, 10:13 (GMT+7)","https://vnexpress.net/trung-tuyen-tiep-vien-hang-khong-kho-hon-dau-harvard-4178625.html"
"6 nơi nghỉ dưỡng lãng mạn cho ngày 20/10","Thứ ba, 20/10/2020, 02:08 (GMT+7)","https://vnexpress.net/6-noi-nghi-duong-lang-man-cho-ngay-20-10-4179089.html"
"Cuộc sống của nữ thuyền trưởng đầu tiên tại Mỹ","Thứ hai, 19/10/2020, 20:03 (GMT+7)","https://vnexpress.net/cuoc-song-cua-nu-thuyen-truong-dau-tien-tai-my-4178817.html"
"Dạo quanh Hà Nội trên xe buýt 2 tầng","Thứ hai, 19/10/2020, 17:22 (GMT+7)","https://vnexpress.net/dao-quanh-ha-noi-tren-xe-buyt-2-tang-4178831.html"
"Nỗi oan của hai bé gái vì bức ảnh chụp cùng khách","Thứ hai, 19/10/2020, 11:41 (GMT+7)","https://vnexpress.net/noi-oan-cua-hai-be-gai-vi-buc-anh-chup-cung-khach-4178332.html"
"Khách sạn giảm giá để hút khách trở lại","Thứ hai, 19/10/2020, 15:03 (GMT+7)","https://vnexpress.net/khach-san-giam-gia-de-hut-khach-tro-lai-4175494.html"
"Vua và hoàng hậu Hà Lan bị chỉ trích vì đi nghỉ","Thứ hai, 19/10/2020, 13:07 (GMT+7)","https://vnexpress.net/vua-va-hoang-hau-ha-lan-bi-chi-trich-vi-di-nghi-4178555.html"
"Hà Nội gắn QR Code cho hàng loạt điểm du lịch","Thứ hai, 19/10/2020, 12:15 (GMT+7)","https://vnexpress.net/ha-noi-gan-qr-code-cho-hang-loat-diem-du-lich-4178715.html"
"Làng ngân hạnh rực vàng mùa thu","Thứ hai, 19/10/2020, 02:08 (GMT+7)","https://vnexpress.net/lang-ngan-hanh-ruc-vang-mua-thu-4177573.html"
"Ấm ức vì ngồi khoang thương gia phải ăn mì gói","Thứ hai, 19/10/2020, 08:09 (GMT+7)","https://vnexpress.net/am-uc-vi-ngoi-khoang-thuong-gia-phai-an-mi-goi-4178334.html"
"Kinh nghiệm sinh tồn trong rừng của khách Việt","Thứ hai, 19/10/2020, 07:37 (GMT+7)","https://vnexpress.net/kinh-nghiem-sinh-ton-trong-rung-cua-khach-viet-4178288.html"
"Vietravel ủng hộ Thừa Thiên - Huế một tỷ đồng","Thứ hai, 19/10/2020, 10:48 (GMT+7)","https://vnexpress.net/vietravel-ung-ho-thua-thien-hue-mot-ty-dong-4178695.html"
"Nơi xe đạp lên dốc không cần đạp","Chủ nhật, 18/10/2020, 20:03 (GMT+7)","https://vnexpress.net/noi-xe-dap-len-doc-khong-can-dap-4177795.html"
"Khách sạn view nhà vườn ở Đà Lạt","Chủ nhật, 18/10/2020, 15:03 (GMT+7)","https://vnexpress.net/khach-san-view-nha-vuon-o-da-lat-4177899.html"
"5 quán cà phê 'gặp nhau dưới trời thu Hà Nội'","Chủ nhật, 18/10/2020, 14:05 (GMT+7)","https://vnexpress.net/5-quan-ca-phe-gap-nhau-duoi-troi-thu-ha-noi-4176769.html"
"Thị trấn chỉ có hai người nhưng không ai chịu tháo khẩu trang","Chủ nhật, 18/10/2020, 11:04 (GMT+7)","https://vnexpress.net/thi-tran-chi-co-hai-nguoi-nhung-khong-ai-chiu-thao-khau-trang-4178196.html"
"New York bây giờ ra sao?","Chủ nhật, 18/10/2020, 09:51 (GMT+7)","https://vnexpress.net/new-york-bay-gio-ra-sao-4177751.html"
"Nghề nuôi mực lá mùa rong biển","Chủ nhật, 18/10/2020, 02:08 (GMT+7)","https://vnexpress.net/nghe-nuoi-muc-la-mua-rong-bien-4177528.html"
"Quán bar Pattaya livestream bán hàng cho khách quốc tế","Chủ nhật, 18/10/2020, 19:00 (GMT+7)","https://vnexpress.net/quan-bar-pattaya-livestream-ban-hang-cho-khach-quoc-te-4178344.html"
"Đặc sản trứng trường thọ ở Thung lũng Địa ngục","Chủ nhật, 18/10/2020, 07:37 (GMT+7)","https://vnexpress.net/dac-san-trung-truong-tho-o-thung-lung-dia-nguc-4177731.html"
"Đằng sau cuộc sống hào nhoáng của tiếp viên hàng không","Thứ bảy, 17/10/2020, 20:03 (GMT+7)","https://vnexpress.net/dang-sau-cuoc-song-hao-nhoang-cua-tiep-vien-hang-khong-4177125.html"
"Thành phố tặng 100 USD cho khách đến chơi","Thứ bảy, 17/10/2020, 19:00 (GMT+7)","https://vnexpress.net/thanh-pho-tang-100-usd-cho-khach-den-choi-4177049.html"
"Nét đẹp phụ nữ Việt dọc miền đất nước","Thứ bảy, 17/10/2020, 14:05 (GMT+7)","https://vnexpress.net/net-dep-phu-nu-viet-doc-mien-dat-nuoc-4176949.html"
"Nước mắt tràn ngập sân bay Sydney ngày đoàn tụ","Thứ bảy, 17/10/2020, 12:12 (GMT+7)","https://vnexpress.net/nuoc-mat-tran-ngap-san-bay-sydney-ngay-doan-tu-4178000.html"
"10 hãng hàng không tốt nhất thế giới","Thứ bảy, 17/10/2020, 10:13 (GMT+7)","https://vnexpress.net/10-hang-hang-khong-tot-nhat-the-gioi-4177579.html"
"Ô mai sấu có phải quà truyền thống ngon nhất Hà Nội?","Thứ bảy, 17/10/2020, 13:33 (GMT+7)","https://vnexpress.net/o-mai-sau-co-phai-qua-truyen-thong-ngon-nhat-ha-noi-4176798.html"
"2020 người biểu diễn màn đại xòe","Thứ bảy, 17/10/2020, 08:09 (GMT+7)","https://vnexpress.net/2020-nguoi-bieu-dien-man-dai-xoe-4177699.html"
"Những điểm săn mây cuối năm","Thứ bảy, 17/10/2020, 02:08 (GMT+7)","https://vnexpress.net/nhung-diem-san-may-cuoi-nam-4176279.html"
"Ngôi đền có gần 300 bậc thang màu cầu vồng","Thứ bảy, 17/10/2020, 07:37 (GMT+7)","https://vnexpress.net/ngoi-den-co-gan-300-bac-thang-mau-cau-vong-4177670.html"
"Tranh cãi việc tặng-xóa sao Michelin trong đại dịch","Thứ sáu, 16/10/2020, 20:03 (GMT+7)","https://vnexpress.net/tranh-cai-viec-tang-xoa-sao-michelin-trong-dai-dich-4177782.html"
"Khách Việt khám phá New Zealand giữa Covid-19","Thứ sáu, 16/10/2020, 14:05 (GMT+7)","https://vnexpress.net/khach-viet-kham-pha-new-zealand-giua-covid-19-4168838.html"
"Sắp có tour khinh khí cầu ở Bà Rịa - Vũng Tàu","Thứ sáu, 16/10/2020, 08:09 (GMT+7)","https://vnexpress.net/sap-co-tour-khinh-khi-cau-o-ba-ria-vung-tau-4177160.html"
"Thiên đường du lịch thành 'đảo ma' vì nCoV","Thứ sáu, 16/10/2020, 07:37 (GMT+7)","https://vnexpress.net/thien-duong-du-lich-thanh-dao-ma-vi-ncov-4177038.html"
"10 sân bay tốt nhất thế giới 2020","Thứ sáu, 16/10/2020, 02:08 (GMT+7)","https://vnexpress.net/10-san-bay-tot-nhat-the-gioi-2020-4176452.html"
"Chửi mắng khách vào cửa hàng không mua gì","Thứ sáu, 16/10/2020, 19:16 (GMT+7)","https://vnexpress.net/chui-mang-khach-vao-cua-hang-khong-mua-gi-4177768.html"
"Bình Thuận tổ chức giải marathon để thu hút khách","Thứ sáu, 16/10/2020, 15:03 (GMT+7)","https://vnexpress.net/binh-thuan-to-chuc-giai-marathon-de-thu-hut-khach-4177076.html"
"Khách hoảng loạn vì gấu đại náo nhà hàng","Thứ sáu, 16/10/2020, 12:06 (GMT+7)","https://vnexpress.net/khach-hoang-loan-vi-gau-dai-nao-nha-hang-4177484.html"
"Mốt đi xa để vừa làm vừa chơi thời Covid-19","Thứ sáu, 16/10/2020, 09:34 (GMT+7)","https://vnexpress.net/mot-di-xa-de-vua-lam-vua-choi-thoi-covid-19-4177353.html"
"Nên đi đâu nếu chỉ có một ngày ở Sài Gòn ?","Thứ sáu, 16/10/2020, 13:33 (GMT+7)","https://vnexpress.net/nen-di-dau-neu-chi-co-mot-ngay-o-sai-gon-4176917.html"
"Ngồi tàu viên đạn không người lái nhanh nhất thế giới","Thứ năm, 15/10/2020, 20:03 (GMT+7)","https://vnexpress.net/ngoi-tau-vien-dan-khong-nguoi-lai-nhanh-nhat-the-gioi-4177276.html"
"CNN tiếp tục phát video quảng bá du lịch Việt Nam","Thứ năm, 15/10/2020, 16:19 (GMT+7)","https://vnexpress.net/cnn-tiep-tuc-phat-video-quang-ba-du-lich-viet-nam-4177153.html"
"Góc Hàn Quốc ở Hà Nội thu hút giới trẻ","Thứ năm, 15/10/2020, 14:47 (GMT+7)","https://vnexpress.net/goc-han-quoc-o-ha-noi-thu-hut-gioi-tre-4176447.html"
"Lý do sợi mì kiểu Hoa được cất trong tủ gỗ","Thứ năm, 15/10/2020, 10:16 (GMT+7)","https://vnexpress.net/ly-do-soi-mi-kieu-hoa-duoc-cat-trong-tu-go-4176466.html"
"'Ngôi đền' khổng lồ dưới lòng đất giúp Tokyo chống lũ","Thứ năm, 15/10/2020, 00:06 (GMT+7)","https://vnexpress.net/ngoi-den-khong-lo-duoi-long-dat-giup-tokyo-chong-lu-4176349.html"
"Khách nhanh trí cắt đuôi sư tử núi","Thứ năm, 15/10/2020, 13:06 (GMT+7)","https://vnexpress.net/khach-nhanh-tri-cat-duoi-su-tu-nui-4176986.html"
"Loạt ưu đãi mới ở resort Phú Quốc","Thứ năm, 15/10/2020, 13:06 (GMT+7)","https://vnexpress.net/loat-uu-dai-moi-o-resort-phu-quoc-4176569.html"
"Trung Quốc chỉ trích hai điểm du lịch nổi tiếng","Thứ năm, 15/10/2020, 08:53 (GMT+7)","https://vnexpress.net/trung-quoc-chi-trich-hai-diem-du-lich-noi-tieng-4176386.html"
"10 điểm du lịch hấp dẫn nhất thế giới","Thứ năm, 15/10/2020, 02:08 (GMT+7)","https://vnexpress.net/10-diem-du-lich-hap-dan-nhat-the-gioi-4176394.html"
"Quán lẩu buffet nào ngon nhất Hà Nội?","Thứ năm, 15/10/2020, 13:33 (GMT+7)","https://vnexpress.net/quan-lau-buffet-nao-ngon-nhat-ha-noi-4176325.html"
"Hai điểm dã ngoại mới nổi ở Đồng Nai","Thứ tư, 14/10/2020, 15:03 (GMT+7)","https://vnexpress.net/hai-diem-da-ngoai-moi-noi-o-dong-nai-4176078.html"
"Cháo buffet bình dân ở miền Tây","Thứ tư, 14/10/2020, 14:05 (GMT+7)","https://vnexpress.net/chao-buffet-binh-dan-o-mien-tay-4175916.html"
"Lý do chàng trai Mỹ trở thành phu khuân vác trên Everest","Thứ tư, 14/10/2020, 10:05 (GMT+7)","https://vnexpress.net/ly-do-chang-trai-my-tro-thanh-phu-khuan-vac-tren-everest-4175940.html"
"7 khu nghỉ dưỡng Pù Luông mùa lúa chín","Thứ tư, 14/10/2020, 02:08 (GMT+7)","https://vnexpress.net/7-khu-nghi-duong-pu-luong-mua-lua-chin-4175232.html"
"Điểm du lịch ở Bà Rịa - Vũng Tàu gắn mã QR","Thứ tư, 14/10/2020, 18:49 (GMT+7)","https://vnexpress.net/diem-du-lich-o-ba-ria-vung-tau-gan-ma-qr-4176611.html"
"Hiện thực ngành hàng không qua một bức ảnh","Thứ tư, 14/10/2020, 12:03 (GMT+7)","https://vnexpress.net/hien-thuc-nganh-hang-khong-qua-mot-buc-anh-4176137.html"
"Đặc sản trứng 1.000 tuổi","Thứ tư, 14/10/2020, 07:37 (GMT+7)","https://vnexpress.net/dac-san-trung-1-000-tuoi-4175843.html"
"Mua nguyên chiếc máy bay để mở quán cà phê","Thứ tư, 14/10/2020, 00:08 (GMT+7)","https://vnexpress.net/mua-nguyen-chiec-may-bay-de-mo-quan-ca-phe-4176012.html"
"TP HCM quán nào bán bún riêu cua ngon nhất?","Thứ tư, 14/10/2020, 13:55 (GMT+7)","https://vnexpress.net/tp-hcm-quan-nao-ban-bun-rieu-cua-ngon-nhat-4176340.html"
"Món ngon mùa thu tại Sushi Hokkaido Sachi","Thứ tư, 14/10/2020, 09:00 (GMT+7)","https://vnexpress.net/mon-ngon-mua-thu-tai-sushi-hokkaido-sachi-4175603.html"
"Dạo quanh Hà Nội một ngày thu","Thứ ba, 13/10/2020, 14:05 (GMT+7)","https://vnexpress.net/dao-quanh-ha-noi-mot-ngay-thu-4175109.html"
"Lý do Machu Picchu mở cửa đón một khách duy nhất","Thứ ba, 13/10/2020, 13:06 (GMT+7)","https://vnexpress.net/ly-do-machu-picchu-mo-cua-don-mot-khach-duy-nhat-4175707.html"
"Nơi dòng sông chảy dưới một dòng sông","Thứ ba, 13/10/2020, 20:03 (GMT+7)","https://vnexpress.net/noi-dong-song-chay-duoi-mot-dong-song-4175964.html"
"Huế xây dựng bản đồ du lịch an toàn","Thứ ba, 13/10/2020, 15:03 (GMT+7)","https://vnexpress.net/hue-xay-dung-ban-do-du-lich-an-toan-4175490.html"
"Người đầu tiên vòng quanh thế giới trong 72 ngày","Thứ ba, 13/10/2020, 12:03 (GMT+7)","https://vnexpress.net/nguoi-dau-tien-vong-quanh-the-gioi-trong-72-ngay-4175359.html"
"Nhịp sống Sài Gòn về đêm","Thứ ba, 13/10/2020, 07:37 (GMT+7)","https://vnexpress.net/nhip-song-sai-gon-ve-dem-4174949.html"
"Hải đăng giữa biển thành khách sạn sang","Thứ ba, 13/10/2020, 02:08 (GMT+7)","https://vnexpress.net/hai-dang-giua-bien-thanh-khach-san-sang-4174229.html"
"Hà Nội se lạnh nên ăn những món nào?","Thứ ba, 13/10/2020, 13:33 (GMT+7)","https://vnexpress.net/ha-noi-se-lanh-nen-an-nhung-mon-nao-4175854.html"
"Đà Nẵng tung chiến dịch mới kéo khách trở lại","Thứ ba, 13/10/2020, 08:09 (GMT+7)","https://vnexpress.net/da-nang-tung-chien-dich-moi-keo-khach-tro-lai-4175259.html"
