Titles,Sources
Du lịch Đà Lạt tháng 8 thu về ngàn ảnh đẹp,https://dulichchat.com/du-lich-da-lat-thang-8-thu-ve-ngan-anh-dep/
Chuẩn bị các loại thuốc không thể thiếu cho em bé khi đi du lịch,https://dulichchat.com/chuan-bi-cac-loai-thuoc-khong-the-thieu-cho-em-be-khi-di-du-lich/
Trải nghiệm cuối tuần thật thú vị tại Tây Ninh với vẻ đẹp quyến rũ mùa nước nổi,https://dulichchat.com/trai-nghiem-cuoi-tuan-that-thu-vi-tai-tay-ninh-voi-ve-dep-quyen-ru-mua-nuoc-noi/
Du lịch Phú Quốc mùa cuối năm tận hưởng mùa đẹp nhất,https://dulichchat.com/du-lich-phu-quoc-mua-cuoi-nam-tan-huong-mua-dep-nhat/
"Đồi cỏ hồng Đà Lạt đã nở đẹp ngỡ ngàng, bạn check in chưa?",https://dulichchat.com/doi-co-hong-da-lat-da-no-dep-ngo-ngang-ban-check-in-chua/
Review du lịch Mai Châu tự túc 3 ngày 2 đêm cực chi tiết,https://dulichchat.com/review-du-lich-mai-chau-tu-tuc-3-ngay-2-dem-cuc-chi-tiet/
Mộc Châu mùa hoa mận đẹp như tiên cảnh,https://dulichchat.com/moc-chau-mua-hoa-man-dep-nhu-tien-canh/
"Check in Naomi Resort Phú Quốc – Maldives phiên bản Việt siêu đẹp, cực chill",https://dulichchat.com/check-in-naomi-resort-phu-quoc-maldives-phien-ban-viet-sieu-dep-cuc-chill/
"Mùa cỏ hồng đã bắt đầu rồi, rủ người thương lên Đà Lạt săn cỏ hồng thôi",https://dulichchat.com/mua-co-hong-da-bat-dau-roi-ru-nguoi-thuong-len-da-lat-san-co-hong-thoi/
Những loại thuốc bạn nhất định phải đem theo khi đi du lịch,https://dulichchat.com/nhung-loai-thuoc-ban-nhat-dinh-phai-dem-theo-khi-di-du-lich/
Simacai – Bắc Hà: Nàng công chúa ngủ quên giữa núi rừng Tây Bắc,https://dulichchat.com/simacai-bac-ha-nang-cong-chua-ngu-quen-giua-nui-rung-tay-bac/
Đà Lạt tháng 12 mùa Mai Anh Đào – Có một Nhật Bản ở lòng Đà Lạt,https://dulichchat.com/da-lat-thang-12-mua-mai-anh-dao-co-mot-nhat-ban-o-long-da-lat/
Thung Nai – Đảo thiên đường đừng bỏ lỡ,https://dulichchat.com/thung-nai-dao-thien-duong-dung-bo-lo/
Review Six Senses Ninh Vân Bay Resort – Khu nghỉ dưỡng hòa mình vào thiên nhiên Nha Trang,https://dulichchat.com/review-six-senses-ninh-van-bay-resort-khu-nghi-duong-hoa-minh-vao-thien-nhien-nha-trang/
"Tuổi trẻ nên đi Hà Giang một lần, để thấy được sự hùng vĩ của núi rừng Cực Bắc",https://dulichchat.com/tuoi-tre-nen-di-ha-giang-mot-lan-de-thay-duoc-su-hung-vi-cua-nui-rung-cuc-bac/
Du lịch tự túc đâu thì tiết kiệm? Xem ngay review du lịch Quy Nhơn – Phú Yên 3N2Đ,https://dulichchat.com/du-lich-tu-tuc-dau-thi-tiet-kiem-xem-ngay-review-du-lich-quy-nhon-phu-yen-3n2d/
"Hà Giang, nhất định phải đi để thanh xuân trọn vẹn!",https://dulichchat.com/ha-giang-nhat-dinh-phai-di-de-thanh-xuan-tron-ven/
"Kinh nghiệm du lịch Huế rời xa áp lực, tìm lại chính mình",https://dulichchat.com/kinh-nghiem-du-lich-hue-roi-xa-ap-luc-tim-lai-chinh-minh/
Chuyến du lịch cuộc đời | 21 tuổi – 1 mình – 1 Đà Lạt – 27 ngày – 3 triệu,https://dulichchat.com/chuyen-du-lich-cuoc-doi-21-tuoi-1-minh-1-da-lat-27-ngay-3-trieu/
"“Ăn chơi” Sapa tẹt ga từ A – Z khởi hành từ Hà Nội: chỉ hết 3,3 triệu",https://dulichchat.com/an-choi-sapa-tet-ga-tu-a-z-khoi-hanh-tu-ha-noi-chi-het-33-trieu/
Mộng Đà Giang – Phượng Hoàng Cổ Trấn – Nhất định phải đến một lần trong đời,https://dulichchat.com/mong-da-giang-phuong-hoang-co-tran-nhat-dinh-phai-den-mot-lan-trong-doi/
The Cliff Resort & Residences Phan Thiết – Thiên đường nhiệt đới bình yên cùng trải nghiệm “tắm bồn view biển siêu đẹp”,https://dulichchat.com/the-cliff-resort-residences-phan-thiet-thien-duong-nhiet-doi-binh-yen-cung-trai-nghiem-tam-bon-view-bien-sieu-dep/
Chùa Địa Tạng Phi Lai Tự – Chốn bình yên cách Hà Nội chỉ 60km,https://dulichchat.com/chua-dia-tang-phi-lai-tu-chon-binh-yen-cach-ha-noi-chi-60km/
Đến Pattaya thì ăn hải sản ở đâu tươi và chất lượng?,https://dulichchat.com/den-pattaya-thi-an-hai-san-o-dau-tuoi-va-chat-luong/
TÒA LÂU ĐÀI GỖ KHỔNG LỒ KHÔNG CẦN DÙNG ĐINH Ở PATTAYA,https://dulichchat.com/toa-lau-dai-go-khong-lo-khong-can-dung-dinh-o-pattaya/
Top 7 quán hải sản bình dân đỉnh nhất Đà Nẵng,https://dulichchat.com/top-7-quan-hai-san-binh-dan-dinh-nhat-da-nang/
Lịch trình tham khảo khám phá thiên đường bí ẩn của Thái Lan – Trang,https://dulichchat.com/lich-trinh-tham-khao-kham-pha-thien-duong-bi-an-cua-thai-lan-trang/
Review Phan Thiết – Mũi Né 4 ngày 3 đêm check in toàn địa điểm hot,https://dulichchat.com/review-phan-thiet-mui-ne-4-ngay-3-dem-check-in-toan-dia-diem-hot/
Gợi ý hành trình khám phá Koh Chang 4 ngày 3 đêm không thể bỏ qua,https://dulichchat.com/goi-y-hanh-trinh-kham-pha-koh-chang-4-ngay-3-dem-khong-the-bo-qua/
Review nhẹ nhàng du lịch Phú Quốc 4N3Đ cực mãn nguyện,https://dulichchat.com/review-nhe-nhang-du-lich-phu-quoc-4n3d-cuc-man-nguyen/
"Review du lịch Malaysia tự túc 4 ngày 3 đêm siêu chi tiết, ảnh check in cực đẹp",https://dulichchat.com/review-du-lich-malaysia-tu-tuc-4-ngay-3-dem-sieu-chi-tiet-anh-check-in-cuc-dep/
Onsen Villas & Resort Hoà Bình – điểm tận hưởng cuối tuần cực hợp lý sát ngay Hà Nội,https://dulichchat.com/onsen-villas-resort-hoa-binh-diem-tan-huong-cuoi-tuan-cuc-hop-ly-sat-ngay-ha-noi/
Mùa đẹp trên Mù Cang Chải,https://dulichchat.com/mua-dep-tren-mu-cang-chai/
Đến Bắc Phi khám phá Morocco – Xứ sở Nghìn Lẻ Một Đêm tuyệt diệu,https://dulichchat.com/den-bac-phi-kham-pha-morocco-xu-so-nghin-le-mot-dem-tuyet-dieu/
Du lịch Quy Nhơn nhớ đừng quên Eo Gió – điểm check in ngàn góc sống ảo miễn chê,https://dulichchat.com/du-lich-quy-nhon-nho-dung-quen-eo-gio-diem-check-in-ngan-goc-song-ao-mien-che/
Bí kíp săn bộ ảnh cực đẹp với mênh mông lúa vàng Mù Cang Chải,https://dulichchat.com/bi-kip-san-bo-anh-cuc-dep-voi-menh-mong-lua-vang-mu-cang-chai/
TOP 101 QUÁN PHẢI ĂN Ở QUY NHƠN KHI HÈ ĐẾN,https://dulichchat.com/top-101-quan-phai-an-o-quy-nhon-khi-he-den/
Bún quậy Kiến Xây Phú Quốc – món ngon độc lạ ai đến đảo ngọc đều ăn,https://dulichchat.com/bun-quay-kien-xay-phu-quoc-mon-ngon-doc-la-ai-den-dao-ngoc-deu-an/
Lịch trình gợi ý 6N5Đ du lịch Krabi – thiên đường cổ xinh đẹp ở Thái Lan,https://dulichchat.com/lich-trinh-goi-y-6n5d-du-lich-krabi-thien-duong-co-xinh-dep-o-thai-lan/
Kinh nghiệm và lịch trình du lịch Bali đầy đủ – Check in không sót điểm HOT nào,https://dulichchat.com/kinh-nghiem-va-lich-trinh-du-lich-bali-day-du-check-in-khong-sot-diem-hot-nao/
Bản đồ du lịch Đà Lạt – lưu lại ngay để lên lịch trình khám phá Đà Lạt tiện nhất!,https://dulichchat.com/ban-do-du-lich-da-lat-luu-lai-ngay-de-len-lich-trinh-kham-pha-da-lat-tien-nhat/
CÙNG CỒ HÝ “SAY” HOÀNG HÔN Ở PHÚ QUỐC,https://dulichchat.com/cung-co-hy-say-hoang-hon-o-phu-quoc/
Lịch trình Đà Lạt 4N3Đ ăn gì? đi đâu?,https://dulichchat.com/lich-trinh-da-lat-4n3d-an-gi-di-dau/
Review du lịch Quy Nhơn tháng 6: khám phá – nghỉ dưỡng – sống ảo,https://dulichchat.com/review-du-lich-quy-nhon-thang-6-kham-pha-nghi-duong-song-ao/
Review du lịch Quy Nhơn – Phú Yên 4N3Đ siêu chi tiết,https://dulichchat.com/review-du-lich-quy-nhon-phu-yen-4n3d-sieu-chi-tiet/
Review Sapa tất tần tật: Sapa ngày trở lại,https://dulichchat.com/review-sapa-tat-tan-tat-sapa-ngay-tro-lai/
Review Ninh Bình 2N1Đ cảnh đẹp tuyệt vời,https://dulichchat.com/review-ninh-binh-2n1d-canh-dep-tuyet-voi/
Khám phá Fusion Cam Ranh Resort đẹp đỉnh ở Cam Ranh,https://dulichchat.com/kham-pha-fusion-cam-ranh-resort-dep-dinh-o-cam-ranh/
"Review khu nghỉ dưỡng Nhà Bên Rừng U LESA – Sóc Sơn, Hà Nội",https://dulichchat.com/review-khu-nghi-duong-nha-ben-rung-u-lesa-soc-son-ha-noi/
"Top 9 khách sạn, khu nghỉ dưỡng xịn xò nhất Hội An cho kỳ nghỉ dưỡng tại phố cổ trong mơ",https://dulichchat.com/top-9-khach-san-khu-nghi-duong-xin-xo-nhat-hoi-an-cho-ky-nghi-duong-tai-pho-co-trong-mo/
"Top 9 khu nghỉ dưỡng đẹp nhất Cam Ranh, Nha Trang cho kỳ nghỉ trong mơ của bạn",https://dulichchat.com/top-9-khu-nghi-duong-dep-nhat-cam-ranh-nha-trang-cho-ky-nghi-trong-mo-cua-ban/
Ghim ngay 5 điểm cắm trại cực chất ở Quy Nhơn,https://dulichchat.com/ghim-ngay-5-diem-cam-trai-cuc-chat-o-quy-nhon/
Seagate Resort Quy Nhơn – Những căn bungalow cực chill giữa Quy thành bạn sẽ mê,https://dulichchat.com/seagate-resort-quy-nhon-nhung-can-bungalow-cuc-chill-giua-quy-thanh-ban-se-me/
"Hè rồi, Quy Nhơn thôi!",https://dulichchat.com/he-roi-quy-nhon-thoi/
Hòn ngọc bí ẩn của phố biển – Bãi Xếp Quy Nhơn,https://dulichchat.com/hon-ngoc-bi-an-cua-pho-bien-bai-xep-quy-nhon/
Top 9 điểm du lịch miễn phí đẹp mê ly tại Quy Nhơn,https://dulichchat.com/top-9-diem-du-lich-mien-phi-dep-me-ly-tai-quy-nhon/
Du lịch Quy Nhơn – Phú Yên: Lịch trình và kinh nghiệm từ A đến Z,https://dulichchat.com/du-lich-quy-nhon-phu-yen-lich-trinh-va-kinh-nghiem-tu-a-den-z/
Review du lịch Quy Nhơn – Cực phẩm xả stress là đây!,https://dulichchat.com/review-du-lich-quy-nhon-cuc-pham-xa-stress-la-day/
"Lại là cô gái vàng trong làng du lịch một mình, lần này thì khẳng định đi du lịch một mình ở Đà Lạt không hề buồn!",https://dulichchat.com/lai-la-co-gai-vang-trong-lang-du-lich-mot-minh-lan-nay-thi-khang-dinh-di-du-lich-mot-minh-o-da-lat-khong-he-buon/
Minh Châu – Quan Lạn: Thiên đường sống ảo ngay cạnh Hạ Long,https://dulichchat.com/minh-cha%cc%82u-quan-lan-thien-duong-song-ao-ngay-canh-ha-long/
"Top 8 homestay Đà Lạt đẹp lãng mạn, mê mẩn lòng người",https://dulichchat.com/top-8-homestay-da-lat-dep-lang-man-me-man-long-nguoi/
"Top 5 khách sạn 4 sao đẹp nhất Đà Lạt, cực xịn xò, lên hình cực Tây",https://dulichchat.com/top-5-khach-san-4-sao-dep-nhat-da-lat-cuc-xin-xo-len-hinh-cuc-tay/
Vườn dâu nhà cô Thảo Ichigo Đà Lạt – lưu ngay địa chỉ vườn dâu xịn xò và này nọ nhé!,https://dulichchat.com/vuon-dau-nha-co-thao-ichigo-da-lat-luu-ngay-dia-chi-vuon-dau-xin-xo-va-nay-no-nhe/
Trải nghiệm 4 mùa trong 1 ngày tại phố núi Tam Đảo,https://dulichchat.com/trai-nghiem-4-mua-trong-1-ngay-tai-pho-nui-tam-dao/
"Ban Mê vừa rẻ vừa vui, check in siêu ảo, đi ngay chúng mình",https://dulichchat.com/ban-me-vua-re-vua-vui-check-in-sieu-ao-di-ngay-chung-minh/
Kinh nghiệm du lịch thiên đường biển đảo châu Á – Bali 2020,https://dulichchat.com/kinh-nghiem-du-lich-thien-duong-bien-dao-chau-a-bali-2020/
"Top 11 khách sạn, khu nghỉ dưỡng xịn nhất ở trung tâm thành phố Nha Trang",https://dulichchat.com/top-11-khach-san-khu-nghi-duong-xin-nhat-o-trung-tam-thanh-pho-nha-trang/
Review du lịch Đà Lạt theo nhóm 6 ngày tẹt ga khám phá cực đã,https://dulichchat.com/review-du-lich-da-lat-theo-nhom-6-ngay-tet-ga-kham-pha-cuc-da/
Review du lịch Buôn Ma Thuột – Buôn Mê đi là phê,https://dulichchat.com/review-du-lich-buon-ma-thuot-buon-me-di-la-phe/
"Review Mũi Né 3N2D chỉ 1,5 triệu/người vui tẹt ga ngại gì không đi?",https://dulichchat.com/review-mui-ne-3n2d-chi-15-trieu-nguoi-vui-tet-ga-ngai-gi-khong-di/
"Top 7 khách sạn, resort đẹp nhất Phan Thiết cho mùa hè rực rỡ đắm say",https://dulichchat.com/top-7-khach-san-resort-dep-nhat-phan-thiet-cho-mua-he-ruc-ro-dam-say/
Khu nghỉ dưỡng Anantara Quy Nhơn Villas sang trọng nhất phố biển Quy Nhơn,https://dulichchat.com/khu-nghi-duong-anantara-quy-nhon-villas-sang-trong-nhat-pho-bien-quy-nhon/
Du lịch Phú Quốc tháng 7 chill cực đỉnh hình cực xinh,https://dulichchat.com/du-lich-phu-quoc-thang-7-chill-cuc-dinh-hinh-cuc-xinh/
Review chi tiết những quán hải sản vừa ngon vừa rẻ tại Quy Nhơn,https://dulichchat.com/review-chi-tiet-nhung-quan-hai-san-vua-ngon-vua-re-tai-quy-nhon/
Khám phá Khu nghỉ dưỡng InterContinental Phú Quốc Long Beach từ A đến Z,https://dulichchat.com/kham-pha-khu-nghi-duong-intercontinental-phu-quoc-long-beach-tu-a-den-z/
20 điều phải nhớ trước khi đi Bình Hưng – lưu ngay kẻo quên nè!,https://dulichchat.com/20-dieu-phai-nho-truoc-khi-di-binh-hung-luu-ngay-keo-quen-ne/
Hotel de la Coupole Sapa – MGallery by Sofitel – Khách sạn sang chảnh nhất Sapa bạn đừng bỏ qua,https://dulichchat.com/hotel-de-la-coupole-sapa-mgallery-by-sofitel-khach-san-sang-chanh-nhat-sapa-ban-dung-bo-qua/
"Bộ ảnh du lịch Quy Nhơn – Phú Yên rực rỡ sắc màu, hè rồi đi mau!",https://dulichchat.com/bo-anh-du-lich-quy-nhon-phu-yen-ruc-ro-sac-mau-he-roi-di-mau/
"5N4Đ du lịch Phú Quốc xả láng, chơi vui và ăn uống ngon như dân địa phương, ảnh đẹp tuyệt vời",https://dulichchat.com/5n4d-du-lich-phu-quoc-xa-lang-choi-vui-va-an-uong-ngon-nhu-dan-dia-phuong-anh-dep-tuyet-voi/
Khu nghỉ dưỡng Fusion Phú Quốc 5 sao – chốn nghỉ dưỡng đẹp bình yên giữa đảo ngọc,https://dulichchat.com/khu-nghi-duong-fusion-phu-quoc-5-sao-chon-nghi-duong-dep-binh-yen-giua-dao-ngoc/
Bí kíp sống ảo trọn Đà Lạt 3 ngày 2 đêm nghìn tấm hình xinh xẻo,https://dulichchat.com/bi-kip-song-ao-tron-da-lat-3-ngay-2-dem-nghin-tam-hinh-xinh-xeo/
"Review khám phá Quảng Bình tất tần tật 3N2Đ chỉ với 1,9 triệu",https://dulichchat.com/review-kham-pha-quang-binh-tat-tan-tat-3n2d-chi-voi-19-trieu/
"Du lịch Quy Nhơn – Phú Yên tháng 3: cảnh đẹp, người dân đáng yêu và chi phí siêu rẻ",https://dulichchat.com/du-lich-quy-nhon-phu-yen-thang-3-canh-dep-nguoi-dan-dang-yeu-va-chi-phi-sieu-re/
"Du lịch Đà Lạt 3 ngày 2 đêm chỉ với 3 triệu 2, sao còn chần chừ?",https://dulichchat.com/du-lich-da-lat-3-ngay-2-dem-chi-voi-3-trieu-2-sao-con-chan-chu/
"Khám phá Huế khác – sống ảo đẹp bình dị, ngọt ngào",https://dulichchat.com/kham-pha-hue-khac-song-ao-dep-binh-di-ngot-ngao/
Yoko Onsen Quang Hanh – “ngôi làng Nhật Bản” ngay giữa lòng Việt Nam,https://dulichchat.com/yoko-onsen-quang-hanh-ngoi-lang-nhat-ban-ngay-giua-long-viet-nam/
Theo chân cô bạn xinh đẹp chụp bộ ảnh cực ưng tại Mê Linh Coffee Garden Đà Lạt vô vàn góc sống ảo,https://dulichchat.com/theo-chan-co-ban-xinh-dep-chup-bo-anh-cuc-ung-tai-me-linh-coffee-garden-da-lat-vo-van-goc-song-ao/
"Theo chân nữ sinh xinh đẹp du lịch Quy Nhơn check in Kỳ Co, Eo Gió, Cù Lao Xanh",https://dulichchat.com/theo-chan-nu-sinh-xinh-dep-du-lich-quy-nhon-check-in-ky-co-eo-gio-cu-lao-xanh/
Du lịch Đà Lạt – Lịch trình 4N3Đ dành cho hội sống vội,https://dulichchat.com/du-lich-da-lat-lich-trinh-4n3d-danh-cho-hoi-song-voi/
"Review Phú Quốc – Ốc đảo mặt trời chỉ 4,5 triệu, tin được không?",https://dulichchat.com/review-phu-quoc-oc-dao-mat-troi-chi-45-trieu-tin-duoc-khong/
"Tata Show – Show thực cảnh đa phương tiện hoành tráng nhất Việt Nam, bạn đã xem chưa?",https://dulichchat.com/tata-show-show-thuc-canh-da-phuong-tien-hoanh-trang-nhat-viet-nam-ban-da-xem-chua/
"Sài Gòn – Phan Thiết – Phan Rí tìm đồi hoa bằng lăng, cung đường biển đẹp nhất Việt nam  2N1Đ bằng xe máy bạn đã thử?",https://dulichchat.com/sai-gon-phan-thiet-phan-ri-tim-do%cc%82i-hoa-ba%cc%86ng-la%cc%86ng-cung-duong-bien-dep-nhat-viet-nam-2n1d-ba%cc%86ng-xe-may-ba%cc%a3n-da%cc%83-thu/
Review du lịch Phú Quốc cực có tâm từ A đến Z của cô bạn xinh đẹp Huyền My,https://dulichchat.com/review-du-lich-phu-quoc-cuc-co-tam-tu-a-den-z-cua-co-ban-xinh-dep-huyen-my/
Kinh nghiệm du lịch Quy Nhơn – Phú Yên 4N3Đ tự túc từ Hà Nội,https://dulichchat.com/kinh-nghiem-du-lich-quy-nhon-phu-yen-4n3d-tu-tuc-tu-ha-noi/
Khám phá resort ăn ảnh nhất Việt Nam – JW Marriott Phú Quốc,https://dulichchat.com/kham-pha-resort-an-anh-nhat-viet-nam-jw-marriott-phu-quoc/
"Thử “trọn gói” dịch vụ 5 sao ở Nha Trang: Đi bộ dưới biển, bay dù lượn, tắm bùn. Chỉ hết 8 triệu?",https://dulichchat.com/thu-tron-goi-dich-vu-5-sao-o-nha-trang-di-bo-duoi-bien-bay-du-luon-tam-bun-chi-het-8-trieu/
Mây Lang Thang Homestay – sự cuốn hút của những ô cửa sổ ôm trọn mây,https://dulichchat.com/may-lang-thang-homestay-su-cuon-hut-cua-nhung-o-cua-so-om-tron-may/
"Du lịch Đà Nẵng – Hội An 4 ngày thì làm gì, chơi gì, đi đâu?",https://dulichchat.com/du-lich-da-nang-hoi-an-4-ngay-thi-lam-gi-choi-gi-di-dau/
Meraki Oasis Hotel Mũi Né – khách sạn hot nhất Mũi Né đẹp mê mẩn từng ngóc ngách,https://dulichchat.com/meraki-oasis-hotel-mui-ne-khach-san-hot-nhat-mui-ne-dep-me-man-tung-ngoc-ngach/
10 điều nhất định phải làm khi du lịch Phú Quốc,https://dulichchat.com/10-dieu-nhat-dinh-phai-lam-khi-du-lich-phu-quoc/
"Review Đảo Quan Lạn – Minh Châu 2N1Đ tận hưởng, khám phá cảnh đẹp hoang sơ",https://dulichchat.com/review-dao-quan-lan-minh-chau-2n1d-tan-huong-kham-pha-canh-dep-hoang-so/
InterContinental Đà Nẵng Sun Peninsula Resort – Nơi huyền thoại và đẳng cấp giao thoa,https://dulichchat.com/intercontinental-da-nang-sun-peninsula-resort-noi-huyen-thoai-va-dang-cap-giao-thoa/
"Top những quán hải sản Phú Quốc ngon đỉnh, giá ổn định không chặt chém",https://dulichchat.com/top-nhung-quan-hai-san-phu-quoc-ngon-dinh-gia-on-dinh-khong-chat-chem/
Bỏ túi 30 note nhẹ nhẹ sương sương khi đi du hí đảo Bình Hưng,https://dulichchat.com/bo-tui-30-note-nhe-nhe-suong-suong-khi-di-du-hi-dao-binh-hung/
Vườn dâu Nhà Gà Đà Lạt – Hội mê dâu Đà Lạt chớ bỏ qua mà tiếc hùi hụi,https://dulichchat.com/vuon-dau-nha-ga-da-lat-hoi-me-dau-da-lat-cho-bo-qua-ma-tiec-hui-hui/
"Xứng đáng là điểm đến quốc dân hè này – đến nay Mũi Né, Phan Thiết check in cùng lạc đà nhé các tín đồ sống ảo ơi",https://dulichchat.com/xung-dang-la-diem-den-quoc-dan-he-nay-den-nay-mui-ne-phan-thiet-check-in-cung-lac-da-nhe-cac-tin-do-song-ao-oi/
Review khu nghỉ dưỡng Premier Residence Phú Quốc siêu xịn xò và này nọ,https://dulichchat.com/review-khu-nghi-duong-premier-residence-phu-quoc-sieu-xin-xo-va-nay-no/
Trước 26 tuổi bạn đã đi được những đâu nhỉ?,https://dulichchat.com/truoc-26-tuoi-ban-da-di-duoc-nhung-dau-nhi/
Loanh quanh Phú Quốc chỉ 4N3Đ nhưng ảnh thì up cả năm không hết,https://dulichchat.com/loanh-quanh-phu-quoc-chi-4n3d-nhung-anh-thi-up-ca-nam-khong-het/
Top 13 khu nghỉ dưỡng 5 sao xịn xò nhất đảo ngọc Phú Quốc,https://dulichchat.com/top-13-khu-nghi-duong-5-sao-xin-xo-nhat-dao-ngoc-phu-quoc/
Update “17 QUÁN BAR – CAFE VIEW BIỂN” ngắm hoàng hôn tuyệt đẹp ở Phú Quốc,https://dulichchat.com/update-17-quan-bar-cafe-view-bien-ngam-hoang-hon-tuyet-dep-o-phu-quoc/
Lịch trình khám phá Phú Quốc nhàn tênh cho gia đình có bé nhỏ,https://dulichchat.com/lich-trinh-kham-pha-phu-quoc-nhan-tenh-cho-gia-dinh-co-be-nho/
Review Quê Tôi Resort Phú Yên – ngôi nhà nằm nghe biển hát,https://dulichchat.com/review-que-toi-resort-phu-yen-ngoi-nha-nam-nghe-bien-hat/
Fusion Phú Quốc Resort – Khám phá từng góc của resort tuyệt đẹp ở đảo ngọc,https://dulichchat.com/fusion-phu-quoc-resort-kham-pha-tung-goc-cua-resort-tuyet-dep-o-dao-ngoc/
Lịch trình du lịch Phú Quốc 5N4Đ siêu xịn xò,https://dulichchat.com/lich-trinh-du-lich-phu-quoc-5n4d-sieu-xin-xo/
Ảnh check in đẹp ngỡ ngàng ở Ocsen Beach Bar Phú Quốc,https://dulichchat.com/anh-check-in-dep-ngo-ngang-o-ocsen-beach-bar-phu-quoc/
"Movenpick Waverly Phú Quốc Resort 5 sao – Khu nghỉ dưỡng Thụy Sĩ đầu tiên, đẹp ngỡ ngàng ở Phú Quốc",https://dulichchat.com/movenpick-waverly-phu-quoc-resort-5-sao-khu-nghi-duong-thuy-si-dau-tien-dep-ngo-ngang-o-phu-quoc/
Review Ninh Thuận 3N2Đ – chuyến đi nhuộm da nơi đầy nắng và gió,https://dulichchat.com/review-ninh-thuan-3n2d-chuyen-di-nhuom-da-noi-day-nang-va-gio/
Cùng ngắm bộ ảnh check in Phú Quốc đẹp xuất sắc,https://dulichchat.com/cung-ngam-bo-anh-check-in-phu-quoc-dep-xuat-sac/
Chưa phê thì tìm đến Buôn Mê,https://dulichchat.com/chua-phe-thi-tim-den-buon-me/
Ocvan Kitchen & Beach Bar Phú Quốc – điểm check in sống ảo trendy không thể bỏ qua,https://dulichchat.com/ocvan-kitchen-beach-bar-phu-quoc-diem-check-in-song-ao-trendy-khong-the-bo-qua/
2N1Đ du lịch Mũi Né sống ảo lung linh là lung linh,https://dulichchat.com/2n1d-du-lich-mui-ne-song-ao-lung-linh-la-lung-linh/
Review Đà Lạt 2N1D dành cho những kẻ cô đơn,https://dulichchat.com/review-da-lat-2n1d-danh-cho-nhung-ke-co-don/
"Top 7 quán bar, cafe đỉnh nhất Phú Quốc để chill ngắm đảo ngọc tuyệt đẹp",https://dulichchat.com/top-7-quan-bar-cafe-dinh-nhat-phu-quoc-de-chill-ngam-dao-ngoc-tuyet-dep/
Lịch trình khám phá Phú Quốc hoàn hảo khám phá hết những điểm hot nhất,https://dulichchat.com/lich-trinh-kham-pha-phu-quoc-hoan-hao-kham-pha-het-nhung-diem-hot-nhat/
Du lịch Huế 3N2Đ tham quan tất tần tật những địa điểm đẹp nhất xứ thơ,https://dulichchat.com/32834-2/
"Du lịch Phú Quốc cùng bạn thân – check in toàn điểm hot, thu về ngàn ảnh đẹp miễn bàn",https://dulichchat.com/du-lich-phu-quoc-cung-ban-than-check-in-toan-diem-hot-thu-ve-anh-dep-mien-ban/
Trải nghiệm 24h ở Bà Nà Hills – Khách sạn Mercure Đà Nẵng,https://dulichchat.com/trai-nghiem-24h-o-ba-na-hills-khach-san-mercure-da-nang/
Review Phú Quốc- đảo ngọc phải đến 1 lần trong đời,https://dulichchat.com/review-phu-quoc-dao-ngoc-phai-den-1-lan-trong-doi/
Review du lịch Phú Quốc 4 ngày 3 đêm tận hưởng tuyệt vời,https://dulichchat.com/review-du-lich-phu-quoc-4-ngay-3-dem-tan-huong-tuyet-voi/
Review thiên đường du lịch Quy Nhơn – Phú Yên tháng 6,https://dulichchat.com/review-thien-duong-du-lich-quy-nhon-phu-yen-thang-6/
Du lịch Quy Nhơn tháng 6 chỉ 6 triệu “chất phát ngất”,https://dulichchat.com/du-lich-quy-nhon-thang-6-chi-6-trieu-chat-phat-ngat/
Top những địa điểm chek in đẹp nhất Đà Lạt,https://dulichchat.com/top-nhung-dia-diem-chek-in-dep-nhat-da-lat/
Cưng muốn xỉu khoảnh khắc yêu thương của trai đẹp Người Ấy Là Ai cùng mẹ du lịch Phú Quốc,https://dulichchat.com/cung-muon-xiu-khoanh-khac-yeu-thuong-cua-trai-dep-nguoi-ay-la-ai-cung-me-du-lich-phu-quoc/
Cực chill ở Topas Ecolodge Sapa – khu nghỉ dưỡng trên mây đẹp miễn bàn,https://dulichchat.com/cuc-chill-o-topas-ecolodge-sapa-khu-nghi-duong-tren-may-dep-mien-ban/
Review Dusit Princess Moonrise Phú Quốc – resort boutique cực xinh ngay trung tâm,https://dulichchat.com/review-dusit-princess-moonrise-phu-quoc-resort-boutique-cuc-xinh-ngay-trung-tam/
Đến Vĩnh Hy check in resort 6 sao đầu tiên của Việt Nam – Amanoi Ninh Thuận resort,https://dulichchat.com/den-vinh-hy-check-in-resort-6-sao-dau-tien-cua-viet-nam-amanoi-ninh-thuan-resort/
Theo chân 9X xinh đẹp Linh Hoàng check in khắp những resort đỉnh nhất Việt Nam,https://dulichchat.com/theo-chan-9x-xinh-dep-linh-hoang-check-in-khap-nhung-resort-dinh-nhat-viet-nam/
"Bộ ảnh check in Amanoi resort Vĩnh Hy, Ninh Thuận thần thái ngút ngàn",https://dulichchat.com/bo-anh-check-in-amanoi-resort-vinh-hy-ninh-thuan-than-thai-ngut-ngan/
"Cùng mình check in 30 địa điểm cắm trại an toàn, view siêu đẹp của Việt Nam",https://dulichchat.com/cung-minh-check-in-30-dia-diem-cam-trai-an-toan-view-sieu-dep-cua-viet-nam/
Nữ hoàng nội y Ngọc Trinh check in Amanoi Ninh Thuận Resort “sang chảnh ngút ngàn”,https://dulichchat.com/nu-hoang-noi-y-ngoc-trinh-check-in-amanoi-ninh-thuan-resort-sang-chanh-ngut-ngan/
Du lịch Phú Quốc trải nghiệm 3 resort xịn xò nhất đảo ngọc,https://dulichchat.com/du-lich-phu-quoc-trai-nghiem-3-resort-xin-xo-nhat-dao-ngoc/
Ngắm ngay bộ ảnh check in Phú Quốc đẹp lung linh,https://dulichchat.com/ngam-ngay-bo-anh-check-in-phu-quoc-dep-lung-linh/
"Review du lịch Phú Quốc tháng 6, 4N3Đ tận hưởng Phú Quốc tuyệt vời",https://dulichchat.com/review-du-lich-phu-quoc-thang-6-4n3d-tan-huong-phu-quoc-tuyet-voi/
Check in Legacy Yên Tử – Chốn bồng lai tựa như xuyên không về quá khứ,https://dulichchat.com/check-in-legacy-yen-tu-chon-bong-lai-tua-nhu-xuyen-khong-ve-qua-khu/
Giải mã hiện tượng Mũi Né – Địa điểm được dân tình lựa chọn nhiều nhất năm 2020,https://dulichchat.com/giai-ma-hien-tuong-mui-ne-dia-diem-duoc-dan-tinh-lua-chon-nhieu-nhat-nam-2020/
"Du lịch Quy Nhơn – Cù Lao Xanh 4N3Đ vừa rẻ, vừa đẹp lại vừa vui",https://dulichchat.com/du-lich-quy-nhon-cu-lao-xanh-4n3d-vua-re-vua-dep-lai-vua-vui/
Review căn villa có cầu tuột nước đầu tiên ở Việt Nam – Six Senses Ninh Vân Bay Resort Nha Trang siêu sang chảnh,https://dulichchat.com/review-six-senses-ninh-van-bay-resort-nha-trang-sieu-sang-chanh/
Review du lịch Phú Yên – Quy Nhơn 4N3Đ cực chi tiết,https://dulichchat.com/review-du-lich-phu-yen-quy-nhon-4n3d-cuc-chi-tiet/
Du lịch Phú Quốc – một nơi chắc chắn phải đến ít nhất một lần trong đời,https://dulichchat.com/du-lich-phu-quoc-mot-noi-chac-chan-phai-den-it-nhat-mot-lan-trong-doi/
"Review Cô Tô 1 đêm 2 ngày chỉ 1,5 triệu cực ổn",https://dulichchat.com/review-co-to-1-dem-2-ngay-chi-15-trieu-cuc-on/
Kinh nghiệm du lịch Phú Quốc tháng 6 cực đầy đủ và chi tiết,https://dulichchat.com/kinh-nghiem-du-lich-phu-quoc-thang-6-cuc-day-du-va-chi-tiet/
"Khu nghỉ dưỡng Quê Tôi Village cực chill, view toàn cảnh vịnh Xuân Đài, Phú Yên",https://dulichchat.com/khu-nghi-duong-que-toi-village-cuc-chill-view-toan-canh-vinh-xuan-dai-phu-yen/
Review du lịch Phú Quốc với lịch trình 3N2Đ tự túc – tiết kiệm,https://dulichchat.com/review-du-lich-phu-quoc-voi-lich-trinh-3n2d-tu-tuc-tiet-kiem/
Du lịch Phan Thiết tháng 6 – chỉ 700k/người mà vui tẹt ga,https://dulichchat.com/du-lich-phan-thiet-thang-6-chi-700k-nguoi-ma-vui-tet-ga/
Thử 1 lần trekking ở Thái Nguyên hông?,https://dulichchat.com/thu-1-lan-trekking-o-thai-nguyen-hong/
Review Đà Lạt 4N3Đ – đi một mình vẫn có hình,https://dulichchat.com/review-da-lat-4n3d-di-mot-minh-van-co-hinh/
Bỏ túi 5 quán cà phê phong cách Nhật Bản ở Đà Lạt,https://dulichchat.com/bo-tui-5-quan-ca-phe-phong-cach-nhat-ban-o-da-lat/
"Chọn ngay chuyến du lịch Mũi Né, Phan Thiết chỉ 5 triệu/người",https://dulichchat.com/chon-ngay-chuyen-du-lich-mui-ne-phan-thiet-chi-5-trieu-nguoi/
Amanoi Ninh Thuận Resort – Tận hưởng kỳ nghỉ tuyệt vời nơi tiên cảnh,https://dulichchat.com/amanoi-ninh-thuan-resort-tan-huong-ky-nghi-tuyet-voi-noi-tien-canh/
"Hotel Hồ Tràm MGallery – khách sạn mới toanh, cực xịn xò ở Hồ Tràm",https://dulichchat.com/hotel-ho-tram-mgallery-khach-san-moi-toanh-cuc-xin-xo-o-ho-tram/
Quán coffee Malá Đà Lạt – Lạc vào xứ sở nghìn lẻ một đêm Maroc giữa lòng Đà Lạt,https://dulichchat.com/quan-coffee-mala-da-lat-lac-vao-xu-so-nghin-le-mot-dem-maroc-giua-long-da-lat/
Review chi tiết Phú Quốc 5N4D cho 4 người vừa nghỉ dưỡng vừa khám phá Phú Quốc tuyệt đẹp,https://dulichchat.com/review-chi-tiet-phu-quoc-5n4d-cho-4-nguoi-vua-nghi-duong-vua-kham-pha-phu-quoc-tuyet-dep/
Hillside Hideaway coffee Đà Lạt – Quán cà phê thú cưng cực chill,https://dulichchat.com/hillside-hideaway-coffee-da-lat-quan-ca-phe-thu-cung-cuc-chill/
Bộ ảnh check in sương sương Vinpearl resort & golf Phú Quốc 5 sao,https://dulichchat.com/bo-anh-check-in-suong-suong-vinpearl-resort-golf-phu-quoc-5-sao/
Review chi tiết Đà Nẵng – Hội An 3 ngày 4 đêm chỉ 5 triệu đồng,https://dulichchat.com/review-chi-tiet-da-nang-hoi-an-3-ngay-4-dem-chi-5-trieu-dong/
Bộ ảnh check in Bàu Trắng – Phan Thiết cực ngầu cùng xe jeep,https://dulichchat.com/bo-anh-check-in-bau-trang-phan-thiet-cuc-ngau-cung-xe-jeep/
Du lịch Phan Thiết cực chill 3N2Đ chỉ chưa đến 3 triệu,https://dulichchat.com/du-lich-phan-thiet-cuc-chill-3n2d-chi-chua-den-3-trieu/
"Cà phê Vườn Hội An Sabirama – Chốn dừng chân yên ả, mộc mạc nhưng đẳng cấp giữa phố cổ",https://dulichchat.com/ca-phe-vuon-hoi-an-sabirama-chon-dung-chan-yen-a-moc-mac-nhung-dang-cap-giua-pho-co/
"Lịch trình du lịch siêu tối giản cho team bánh bèo – 2N1Đ Mũi Né, Phan Thiết chỉ 1 triệu",https://dulichchat.com/lich-trinh-du-lich-sieu-toi-gian-cho-team-banh-beo-2n1d-mui-ne-phan-thiet-chi-1-trieu/
Bộ ảnh cực mơ từ một chuyến săn mây Đà Lạt,https://dulichchat.com/bo-anh-cuc-mo-tu-mot-chuyen-san-may-da-lat/
Review du lịch Bali 4N3Đ đầy đủ các điểm hot và lạ chỉ tốn 8 triệu đồng,https://dulichchat.com/review-du-lich-bali-4n3d-day-du-cac-diem-hot-va-la-chi-ton-8-trieu-dong/
Review du lịch Sapa – Ninh Bình 3N3Đ xuất phát từ Sài Gòn chỉ 5 triệu,https://dulichchat.com/review-du-lich-sapa-ninh-binh-3n3d-xuat-phat-tu-sai-gon-chi-5-trieu/
"Chuyến du lịch Đà Nẵng – Hội An 3N3Đ chỉ 3,5 triệu",https://dulichchat.com/chuyen-du-lich-da-nang-hoi-an-3n3d-chi-35-trieu/
"Review du lịch Phú Quốc từ Hà Nội 6N5Đ chỉ 5,5 triệu",https://dulichchat.com/review-du-lich-phu-quoc-tu-ha-noi-6n5d-chi-55-trieu/
Càn quét Mũi Né – Phan Thiết 3 ngày 2 đêm đậm chất dân Phan Thiết đúng nghĩa,https://dulichchat.com/can-quet-mui-ne-phan-thiet-3-ngay-2-dem-dam-chat-dan-phan-thiet-dung-nghia/
Review du lịch Maldives 4N3Đ ở water villa sang chảnh chỉ với 25 triệu,https://dulichchat.com/review-du-lich-maldives-4n3d-o-water-villa-sang-chanh-chi-voi-25-trieu/
"Review du lịch Ninh Bình 2N1Đ chỉ tầm 700k, vui tẹt ga",https://dulichchat.com/review-du-lich-ninh-binh-2n1d-chi-tam-700k-vui-tet-ga/
Hội gái đẹp chơi thân rủ nhau diện bikini khoe eo thon chân dài thẳng tắp: Biết nhìn vào ai đây?,https://dulichchat.com/hoi-gai-dep-choi-than-ru-nhau-dien-bikini-khoe-eo-thon-chan-dai-thang-tap-biet-nhin-vao-ai-day/
Kinh nghiệm du lịch Phú Quốc 2020 cực thú vị,https://dulichchat.com/kinh-nghiem-du-lich-phu-quoc-2020-cuc-thu-vi/
Buôn Ma Thuột – Những ngày nắng và gió,https://dulichchat.com/buon-ma-thuot-nhung-ngay-nang-va-gio/
Dành trọn 2 ngày chu du “MALDIVES VIỆT NAM”,https://dulichchat.com/danh-tron-2-ngay-chu-du-maldives-viet-nam/
Review du lịch Đà Nẵng 4N3Đ chỉ 4 triệu/người,https://dulichchat.com/review-du-lich-da-nang-4n3d-chi-4-trieu-nguoi/
"Review du lịch Phan Thiết – 3N2Đ chỉ 2,5 triệu tha hồ sống ảo",https://dulichchat.com/review-du-lich-phan-thiet-3n2d-chi-25-trieu-tha-ho-song-ao/
Vũng Tàu và 1001 view sống ảo hệt trời Âu – The Imperial Vũng Tàu,https://dulichchat.com/vung-tau-va-1001-view-song-ao-het-troi-au-the-imperial-vung-tau/
Nắp Ấm homestay Đà Lạt – chốn nghỉ ngơi tuyệt vời bạn không thể bỏ lỡ,https://dulichchat.com/nap-am-homestay-da-lat-chon-nghi-ngoi-tuyet-voi-ban-khong-the-bo-lo/
Review đảo Phú Quý – thiên đường Bali của Việt Nam,https://dulichchat.com/review-dao-phu-quy-thien-duong-bali-cua-viet-nam/
Buôn Ma Thuột – Buôn Hồ – Đắk Lắk: Hành trình ngẫu hứng tuyệt vời,https://dulichchat.com/buon-ma-thuot-buon-ho-dak-lak-hanh-trinh-ngau-hung-tuyet-voi/
Review du lịch Ninh Bình – Sapa – Hà Nội 6 ngày 5 đêm,https://dulichchat.com/review-du-lich-ninh-binh-sapa-ha-noi-6-ngay-5-dem/
Review – Gợi ý list quán ăn ngon Đà Lạt,https://dulichchat.com/review-goi-y-list-quan-an-ngon-da-lat/
Mũi Né – Phan Thiết 2N1D chỉ với 3 triệu/2 người,https://dulichchat.com/mui-ne-phan-thiet-2n1d-chi-voi-3-trieu-2-nguoi/
Chọn Legacy Yên Tử – MGallery nghỉ dưỡng xịn xò giữa không gian thanh tịnh hoàng gia,https://dulichchat.com/chon-legacy-yen-tu-mgallery-nghi-duong-xin-xo-giua-khong-gian-thanh-tinh-hoang-gia/
Theo chân cặp đôi cá tính khám phá Pleiku – Kontum đẹp như ci-nê,https://dulichchat.com/theo-chan-cap-doi-ca-tinh-kham-pha-pleiku-kontum-dep-nhu-ci-ne/
Du lịch Đà Lạt đừng quên ghé check in Hội Quán Chó Mèo nhé!,https://dulichchat.com/du-lich-da-lat-dung-quen-ghe-check-in-hoi-quan-cho-meo-nhe/
Check in “tiểu Bali” của Việt Nam – đến Buôn Ma Thuột thì chơi gì cho chất?,https://dulichchat.com/check-in-tieu-bali-cua-viet-nam-den-buon-ma-thuot-thi-choi-gi-cho-chat/
Review du lịch Sapa – Hà Khẩu 4N3Đ chỉ 7 triệu đồng,https://dulichchat.com/review-du-lich-sapa-ha-khau-4n3d-chi-7-trieu-dong/
Phan Thiết – Bàu Trắng: Hành trình check in cuối tuần cực chất,https://dulichchat.com/phan-thiet-bau-trang-hanh-trinh-check-in-cuoi-tuan-cuc-chat/
Còn thương nhau thì mình về Buôn Ma Thuột…,https://dulichchat.com/con-thuong-nhau-thi-minh-ve-buon-ma-thuot/
Huế – 13 vị vua triều Nguyễn và các điểm check in lăng tẩm tuyệt đẹp,https://dulichchat.com/hue-13-vi-vua-trieu-nguyen-va-cac-diem-check-in-lang-tam-tuyet-dep/
"Bộ ảnh check in du lịch Đà Lạt nhẹ nhàng, bình yên đến lạ",https://dulichchat.com/bo-anh-check-in-du-lich-da-lat-nhe-nhang-binh-yen-den-la/
